ds,y,total_GWh
2023-01-01,43000.10416666666,1032.0025
2023-01-02,49333.57291666666,1184.00575
2023-01-03,55405.44791666666,1329.73075
2023-01-04,56119.47916666666,1346.8675
2023-01-05,54756.552083333336,1314.15725
2023-01-06,54737.833333333336,1313.708
2023-01-07,50580.614583333336,1213.93475
2023-01-08,49220.125,1181.283
2023-01-09,58142.29166666666,1395.415
2023-01-10,60433.21875,1450.39725
2023-01-11,57964.895833333336,1391.1575
2023-01-12,57861.65625,1388.67975
2023-01-13,56883.5,1365.204
2023-01-14,52722.63541666666,1265.34325
2023-01-15,52302.78125,1255.26675
2023-01-16,63023.375,1512.561
2023-01-17,66770.91666666667,1602.502
2023-01-18,69532.4375,1668.7785
2023-01-19,70513.44791666667,1692.32275
2023-01-20,71090.42708333333,1706.17025
2023-01-21,66642.27083333333,1599.4145
2023-01-22,68243.28125,1637.83875
2023-01-23,74159.95833333333,1779.839
2023-01-24,73401.01041666667,1761.62425
2023-01-25,74504.9375,1788.1185
2023-01-26,73891.78125,1773.40275
2023-01-27,71642.02083333333,1719.4085
2023-01-28,66824.33333333333,1603.784
2023-01-29,65284.04166666666,1566.817
2023-01-30,69932.63541666667,1678.38325
2023-01-31,66654.07291666667,1599.69775
2023-02-01,64931.520833333336,1558.3565
2023-02-02,64384.57291666666,1545.22975
2023-02-03,62817.53125,1507.62075
2023-02-04,56958.54166666666,1367.005
2023-02-05,54475.875,1307.421
2023-02-06,63462.114583333336,1523.09075
2023-02-07,65929.96875,1582.31925
2023-02-08,68842.32291666667,1652.21575
2023-02-09,70703.77083333333,1696.8905
2023-02-10,68010.63541666667,1632.25525
2023-02-11,61751.0625,1482.0255
2023-02-12,57835.270833333336,1388.0465
2023-02-13,63751.16666666666,1530.028
2023-02-14,63312.78125,1519.50675
2023-02-15,61527.46875,1476.65925
2023-02-16,59076.47916666666,1417.8355
2023-02-17,55825.770833333336,1339.8185
2023-02-18,50089.020833333336,1202.1365
2023-02-19,48335.9375,1160.0625
2023-02-20,56360.97916666666,1352.6635
2023-02-21,57616.09375,1382.78625
2023-02-22,57419.427083333336,1378.06625
2023-02-23,58473.63541666666,1403.36725
2023-02-24,57247.208333333336,1373.933
2023-02-25,54203.46875,1300.88325
2023-02-26,56050.35416666666,1345.2085
2023-02-27,66256.3125,1590.1515
2023-02-28,68594.5625,1646.2695
2023-03-01,67548.88541666667,1621.17325
2023-03-02,66947.0,1606.728
2023-03-03,64567.895833333336,1549.6295
2023-03-04,59615.8125,1430.7795
2023-03-05,57363.1875,1376.7165
2023-03-06,63354.614583333336,1520.51075
2023-03-07,61412.864583333336,1473.90875
2023-03-08,57951.875,1390.845
2023-03-09,53909.052083333336,1293.81725
2023-03-10,56423.6875,1354.1685
2023-03-11,52261.458333333336,1254.275
2023-03-12,45688.114583333336,1096.51475
2023-03-13,49126.0,1179.024
2023-03-14,52892.895833333336,1269.4295
2023-03-15,54689.0625,1312.5375
2023-03-16,52418.66666666666,1258.048
2023-03-17,50314.0,1207.536
2023-03-18,44984.71875,1079.63325
2023-03-19,44359.239583333336,1064.62175
2023-03-20,51298.927083333336,1231.17425
2023-03-21,50412.71875,1209.90525
2023-03-22,49361.94791666666,1184.68675
2023-03-23,47193.71875,1132.64925
2023-03-24,47378.145833333336,1137.0755
2023-03-25,44606.25,1070.55
2023-03-26,44084.5625,1058.0295
2023-03-27,52094.614583333336,1250.27075
2023-03-28,54170.53125,1300.09275
2023-03-29,49561.04166666666,1189.465
2023-03-30,46369.145833333336,1112.8595
2023-03-31,47409.97916666666,1137.8395
2023-04-01,44805.04166666666,1075.321
2023-04-02,45634.38541666666,1095.22525
2023-04-03,52449.32291666666,1258.78375
2023-04-04,54187.01041666666,1300.48825
2023-04-05,54919.29166666666,1318.063
2023-04-06,52026.645833333336,1248.6395
2023-04-07,50597.239583333336,1214.33375
2023-04-08,45967.84375,1103.22825
2023-04-09,42086.5625,1010.0775
2023-04-10,41916.82291666666,1006.00375
2023-04-11,47625.708333333336,1143.017
2023-04-12,49411.270833333336,1185.8705
2023-04-13,50826.083333333336,1219.826
2023-04-14,51839.875,1244.157
2023-04-15,47064.25,1129.542
2023-04-16,44728.63541666666,1073.48725
2023-04-17,49466.04166666666,1187.185
2023-04-18,48649.364583333336,1167.58475
2023-04-19,47077.489583333336,1129.85975
2023-04-20,47640.22916666666,1143.3655
2023-04-21,47853.927083333336,1148.49425
2023-04-22,42757.32291666666,1026.17575
2023-04-23,41309.53125,991.42875
2023-04-24,47179.04166666666,1132.297
2023-04-25,48677.083333333336,1168.25
2023-04-26,48606.145833333336,1166.5475
2023-04-27,46437.76041666666,1114.50625
2023-04-28,44010.15625,1056.24375
2023-04-29,40391.26041666666,969.39025
2023-04-30,38330.90625,919.94175
2023-05-01,37943.51041666666,910.64425
2023-05-02,44129.47916666666,1059.1075
2023-05-03,44133.302083333336,1059.19925
2023-05-04,43243.083333333336,1037.834
2023-05-05,42822.0625,1027.7295
2023-05-06,38470.395833333336,923.2895
2023-05-07,36526.427083333336,876.63425
2023-05-08,37518.21875,900.43725
2023-05-09,42625.84375,1023.02025
2023-05-10,43872.375,1052.937
2023-05-11,44583.46875,1070.00325
2023-05-12,44553.97916666666,1069.2955
2023-05-13,40071.802083333336,961.72325
2023-05-14,38269.38541666666,918.46525
2023-05-15,43546.29166666666,1045.111
2023-05-16,44633.96875,1071.21525
2023-05-17,44130.583333333336,1059.134
2023-05-18,39114.29166666666,938.743
2023-05-19,39987.458333333336,959.699
2023-05-20,37991.72916666666,911.8015
2023-05-21,36644.34375,879.46425
2023-05-22,41693.57291666666,1000.64575
2023-05-23,42591.145833333336,1022.1875
2023-05-24,42510.739583333336,1020.25775
2023-05-25,42343.54166666666,1016.245
2023-05-26,42259.16666666666,1014.22
2023-05-27,37798.145833333336,907.1555
2023-05-28,33870.96875,812.90325
2023-05-29,35210.958333333336,845.063
2023-05-30,39312.770833333336,943.5065
2023-05-31,41527.60416666666,996.6625
2023-06-01,42587.54166666666,1022.101
2023-06-02,41761.875,1002.285
2023-06-03,37674.802083333336,904.19525
2023-06-04,35938.072916666664,862.51375
2023-06-05,41134.84375,987.23625
2023-06-06,42096.583333333336,1010.318
2023-06-07,42728.29166666666,1025.479
2023-06-08,43301.40625,1039.23375
2023-06-09,42800.927083333336,1027.22225
2023-06-10,38234.864583333336,917.63675
2023-06-11,36665.895833333336,879.9815
2023-06-12,41745.88541666666,1001.90125
2023-06-13,42848.41666666666,1028.362
2023-06-14,43306.083333333336,1039.346
2023-06-15,43714.125,1049.139
2023-06-16,43548.0,1045.152
2023-06-17,39157.875,939.789
2023-06-18,36562.26041666666,877.49425
2023-06-19,42461.520833333336,1019.0765
2023-06-20,43564.71875,1045.55325
2023-06-21,44093.3125,1058.2395
2023-06-22,43363.239583333336,1040.71775
2023-06-23,43263.16666666666,1038.316
2023-06-24,39199.645833333336,940.7915
2023-06-25,37872.66666666666,908.944
2023-06-26,43149.864583333336,1035.59675
2023-06-27,43795.04166666666,1051.081
2023-06-28,44262.989583333336,1062.31175
2023-06-29,44637.927083333336,1071.31025
2023-06-30,42661.583333333336,1023.878
2023-07-01,38027.458333333336,912.659
2023-07-02,36634.72916666666,879.2335
2023-07-03,42630.614583333336,1023.13475
2023-07-04,44051.739583333336,1057.24175
2023-07-05,43820.802083333336,1051.69925
2023-07-06,44810.78125,1075.45875
2023-07-07,44757.32291666666,1074.17575
2023-07-08,40903.020833333336,981.6725
2023-07-09,38966.65625,935.19975
2023-07-10,45725.90625,1097.42175
2023-07-11,47096.69791666666,1130.32075
2023-07-12,45693.0625,1096.6335
2023-07-13,44656.65625,1071.75975
2023-07-14,39541.333333333336,948.992
2023-07-15,39334.75,944.034
2023-07-16,37685.66666666666,904.456
2023-07-17,44003.79166666666,1056.091
2023-07-18,46268.114583333336,1110.43475
2023-07-19,45743.458333333336,1097.843
2023-07-20,45626.520833333336,1095.0365
2023-07-21,44198.21875,1060.75725
2023-07-22,39232.895833333336,941.5895
2023-07-23,37328.04166666666,895.873
2023-07-24,45490.364583333336,1091.76875
2023-07-25,42528.270833333336,1020.6785
2023-07-26,42504.895833333336,1020.1175
2023-07-27,42376.84375,1017.04425
2023-07-28,42027.63541666666,1008.66325
2023-07-29,37807.41666666666,907.378
2023-07-30,35451.25,850.83
2023-07-31,39775.645833333336,954.6155
2023-08-01,40293.708333333336,967.049
2023-08-02,40703.72916666666,976.8895
2023-08-03,40055.427083333336,961.33025
2023-08-04,39089.364583333336,938.14475
2023-08-05,35756.104166666664,858.1465
2023-08-06,34298.90625,823.17375
2023-08-07,38203.270833333336,916.8785
2023-08-08,38931.864583333336,934.36475
2023-08-09,39472.32291666666,947.33575
2023-08-10,40160.94791666666,963.86275
2023-08-11,40465.51041666666,971.17225
2023-08-12,37389.333333333336,897.344
2023-08-13,35450.65625,850.81575
2023-08-14,38227.88541666666,917.46925
2023-08-15,36964.04166666666,887.137
2023-08-16,39956.208333333336,958.949
2023-08-17,41202.04166666666,988.849
2023-08-18,41858.3125,1004.5995
2023-08-19,39550.03125,949.20075
2023-08-20,38429.802083333336,922.31525
2023-08-21,43914.32291666666,1053.94375
2023-08-22,45697.052083333336,1096.72925
2023-08-23,46403.427083333336,1113.68225
2023-08-24,46383.85416666666,1113.2125
2023-08-25,44456.94791666666,1066.96675
2023-08-26,38961.69791666666,935.08075
2023-08-27,36150.0,867.6
2023-08-28,40849.489583333336,980.38775
2023-08-29,42357.270833333336,1016.5745
2023-08-30,42449.66666666666,1018.792
2023-08-31,42778.895833333336,1026.6935
2023-09-01,42840.333333333336,1028.168
2023-09-02,38982.145833333336,935.5715
2023-09-03,37334.083333333336,896.018
2023-09-04,43513.97916666666,1044.3355
2023-09-05,45620.125,1094.883
2023-09-06,45900.145833333336,1101.6035
2023-09-07,45892.114583333336,1101.41075
2023-09-08,45758.28125,1098.19875
2023-09-09,41010.770833333336,984.2585
2023-09-10,38749.25,929.982
2023-09-11,44490.583333333336,1067.774
2023-09-12,44811.625,1075.479
2023-09-13,44565.51041666666,1069.57225
2023-09-14,44440.75,1066.578
2023-09-15,43535.78125,1044.85875
2023-09-16,39219.82291666666,941.27575
2023-09-17,37567.958333333336,901.631
2023-09-18,42731.1875,1025.5485
2023-09-19,43561.895833333336,1045.4855
2023-09-20,43757.177083333336,1050.17225
2023-09-21,43737.302083333336,1049.69525
2023-09-22,42286.91666666666,1014.886
2023-09-23,38234.0625,917.6175
2023-09-24,36824.51041666666,883.78825
2023-09-25,42904.59375,1029.71025
2023-09-26,43575.5625,1045.8135
2023-09-27,43857.07291666666,1052.56975
2023-09-28,43913.770833333336,1053.9305
2023-09-29,43172.395833333336,1036.1375
2023-09-30,39194.770833333336,940.6745
2023-10-01,37279.020833333336,894.6965
2023-10-02,42619.927083333336,1022.87825
2023-10-03,43548.520833333336,1045.1645
2023-10-04,43757.03125,1050.16875
2023-10-05,44148.34375,1059.56025
2023-10-06,43849.927083333336,1052.39825
2023-10-07,39101.26041666666,938.43025
2023-10-08,37322.04166666666,895.729
2023-10-09,42941.802083333336,1030.60325
2023-10-10,43890.54166666666,1053.373
2023-10-11,43641.82291666666,1047.40375
2023-10-12,43376.59375,1041.03825
2023-10-13,42286.08421052632,1004.2945
2023-10-14,40008.91710526316,954.92825
2023-10-15,37731.75,905.562
2023-10-16,44379.375,1065.105
2023-10-17,46264.375,1110.345
2023-10-18,46516.458333333336,1116.395
2023-10-19,45333.44791666666,1088.00275
2023-10-20,44903.583333333336,1077.686
2023-10-21,40362.94791666666,968.71075
2023-10-22,39150.01041666666,939.60025
2023-10-23,46258.28125,1110.19875
2023-10-24,46499.802083333336,1115.99525
2023-10-25,49329.239583333336,1183.90175
2023-10-26,47327.65625,1135.86375
2023-10-27,46674.01041666666,1120.17625
2023-10-28,41978.65625,1007.48775
2023-10-29,40113.208333333336,962.717
2023-10-30,48587.8125,1166.1075
2023-10-31,46947.583333333336,1126.742
2023-11-01,42795.427083333336,1027.09025
2023-11-02,48833.489583333336,1172.00375
2023-11-03,50753.26041666666,1218.07825
2023-11-04,47429.177083333336,1138.30025
2023-11-05,44469.864583333336,1067.27675
2023-11-06,51164.9375,1227.9585
2023-11-07,53906.01041666666,1293.74425
2023-11-08,54089.9375,1298.1585
2023-11-09,54233.989583333336,1301.61575
2023-11-10,54427.1875,1306.2525
2023-11-11,49714.47916666666,1193.1475
2023-11-12,47810.78125,1147.45875
2023-11-13,50689.90625,1216.55775
2023-11-14,50966.125,1223.187
2023-11-15,51386.26041666666,1233.27025
2023-11-16,53776.333333333336,1290.632
2023-11-17,53343.59375,1280.24625
2023-11-18,48747.59375,1169.94225
2023-11-19,44425.53125,1066.21275
2023-11-20,51600.958333333336,1238.423
2023-11-21,53868.8125,1292.8515
2023-11-22,55405.375,1329.729
2023-11-23,57534.083333333336,1380.818
2023-11-24,55926.302083333336,1342.23125
2023-11-25,55397.645833333336,1329.5435
2023-11-26,56891.96875,1365.40725
2023-11-27,62276.458333333336,1494.635
2023-11-28,61812.708333333336,1483.505
2023-11-29,63960.38541666666,1535.04925
2023-11-30,62874.708333333336,1508.993
2023-12-01,62422.85416666666,1498.1485
2023-12-02,63066.4375,1513.5945
2023-12-03,63370.677083333336,1520.89625
2023-12-04,66554.38541666667,1597.30525
2023-12-05,64208.03125,1540.99275
2023-12-06,65672.09375,1576.13025
2023-12-07,67417.63541666667,1618.02325
2023-12-08,61906.177083333336,1485.74825
2023-12-09,56130.84375,1347.14025
2023-12-10,51952.84375,1246.86825
2023-12-11,55525.41666666666,1332.61
2023-12-12,55461.177083333336,1331.06825
2023-12-13,57597.09375,1382.33025
2023-12-14,60160.614583333336,1443.85475
2023-12-15,59729.88541666666,1433.51725
2023-12-16,56746.145833333336,1361.9075
2023-12-17,58698.10416666666,1408.7545
2023-12-18,66283.84375,1590.81225
2023-12-19,65470.052083333336,1571.28125
2023-12-20,61928.38541666666,1486.28125
2023-12-21,59133.989583333336,1419.21575
2023-12-22,55349.69791666666,1328.39275
2023-12-23,50559.875,1213.437
2023-12-24,48364.4375,1160.7465
2023-12-25,46852.35416666666,1124.4565
2023-12-26,52229.8125,1253.5155
2023-12-27,53621.76041666666,1286.92225
2023-12-28,53149.40625,1275.58575
2023-12-29,52306.25,1255.35
2023-12-30,49752.04166666666,1194.049
2023-12-31,50250.833333333336,1206.02
2024-01-01,49992.35416666666,1199.8165
2024-01-02,55194.88541666666,1324.67725
2024-01-03,55871.94791666666,1340.92675
2024-01-04,56455.333333333336,1354.928
2024-01-05,57860.8125,1388.6595
2024-01-06,56760.989583333336,1362.26375
2024-01-07,58828.09375,1411.87425
2024-01-08,70612.46875,1694.69925
2024-01-09,75887.4375,1821.2985
2024-01-10,76663.41666666667,1839.922
2024-01-11,74930.54166666667,1798.333
2024-01-12,74330.875,1783.941
2024-01-13,71650.89583333333,1719.6215
2024-01-14,69336.4375,1664.0745
2024-01-15,70652.28125,1695.65475
2024-01-16,72655.58333333333,1743.734
2024-01-17,68213.96875,1637.13525
2024-01-18,66814.33333333333,1603.544
2024-01-19,73240.94791666667,1757.78275
2024-01-20,71224.875,1709.397
2024-01-21,65967.1875,1583.2125
2024-01-22,64889.28125,1557.34275
2024-01-23,61778.552083333336,1482.68525
2024-01-24,57480.82291666666,1379.53975
2024-01-25,56569.302083333336,1357.66325
2024-01-26,56111.125,1346.667
2024-01-27,55423.645833333336,1330.1675
2024-01-28,54657.802083333336,1311.78725
2024-01-29,58243.5625,1397.8455
2024-01-30,57951.19791666666,1390.82875
2024-01-31,59436.208333333336,1426.469
2024-02-01,58943.75,1414.65
2024-02-02,58644.84375,1407.47625
2024-02-03,54137.770833333336,1299.3065
2024-02-04,52779.13541666666,1266.69925
2024-02-05,59497.16666666666,1427.932
2024-02-06,59781.5625,1434.7575
2024-02-07,58057.177083333336,1393.37225
2024-02-08,55916.15625,1341.98775
2024-02-09,54574.6875,1309.7925
2024-02-10,51888.97916666666,1245.3355
2024-02-11,50977.79166666666,1223.467
2024-02-12,58307.34375,1399.37625
2024-02-13,59454.63541666666,1426.91125
2024-02-14,55443.833333333336,1330.652
2024-02-15,52962.01041666666,1271.08825
2024-02-16,51890.8125,1245.3795
2024-02-17,49024.97916666666,1176.5995
2024-02-18,48293.96875,1159.05525
2024-02-19,53687.71875,1288.50525
2024-02-20,55392.895833333336,1329.4295
2024-02-21,56489.13541666666,1355.73925
2024-02-22,56389.5,1353.348
2024-02-23,59058.71875,1417.40925
2024-02-24,55561.35416666666,1333.4725
2024-02-25,54053.79166666666,1297.291
2024-02-26,58962.28125,1415.09475
2024-02-27,60871.97916666666,1460.9275
2024-02-28,60756.59375,1458.15825
2024-02-29,58389.177083333336,1401.34025
2024-03-01,57853.72916666666,1388.4895
2024-03-02,53918.75,1294.05
2024-03-03,53654.3125,1287.7035
2024-03-04,60027.770833333336,1440.6665
2024-03-05,59408.47916666666,1425.8035
2024-03-06,59939.54166666666,1438.549
2024-03-07,58371.60416666666,1400.9185
2024-03-08,57413.41666666666,1377.922
2024-03-09,52402.125,1257.651
2024-03-10,51250.13541666666,1230.00325
2024-03-11,56856.54166666666,1364.557
2024-03-12,56703.91666666666,1360.894
2024-03-13,53681.97916666666,1288.3675
2024-03-14,51678.458333333336,1240.283
2024-03-15,48895.895833333336,1173.5015
2024-03-16,45076.427083333336,1081.83425
2024-03-17,43782.583333333336,1050.782
2024-03-18,48034.802083333336,1152.83525
2024-03-19,48772.59375,1170.54225
2024-03-20,48251.427083333336,1158.03425
2024-03-21,47407.8125,1137.7875
2024-03-22,46493.927083333336,1115.85425
2024-03-23,44279.1875,1062.7005
2024-03-24,45207.65625,1084.98375
2024-03-25,52300.38541666666,1255.20925
2024-03-26,53919.35416666666,1294.0645
2024-03-27,55054.51041666666,1321.30825
2024-03-28,54330.35416666666,1303.9285
2024-03-29,51738.38541666666,1241.72125
2024-03-30,47685.270833333336,1144.4465
2024-03-31,44851.677083333336,1076.44025
2024-04-01,45815.177083333336,1099.56425
2024-04-02,51329.25,1231.902
2024-04-03,50507.76041666666,1212.18625
2024-04-04,48673.395833333336,1168.1615
2024-04-05,46516.395833333336,1116.3935
2024-04-06,40578.01041666666,973.87225
2024-04-07,38849.270833333336,932.3825
2024-04-08,45206.427083333336,1084.95425
2024-04-09,47685.145833333336,1144.4435
2024-04-10,49540.53125,1188.97275
2024-04-11,48241.54166666666,1157.797
2024-04-12,45694.91666666666,1096.678
2024-04-13,44850.95486111111,1076.4229166666669
2024-04-14,44006.99305555556,1056.1678333333334
2024-04-15,43163.03125,1035.91275
2024-04-16,46758.03125,1122.19275
2024-04-17,49274.270833333336,1182.5825
2024-04-18,50897.458333333336,1221.539
2024-04-19,50617.41666666666,1214.818
2024-04-20,45873.1875,1100.9565
2024-04-21,45698.03125,1096.75275
2024-04-22,52950.802083333336,1270.81925
2024-04-23,53978.22916666666,1295.4775
2024-04-24,54515.083333333336,1308.362
2024-04-25,53314.302083333336,1279.54325
2024-04-26,50789.114583333336,1218.93875
2024-04-27,45394.208333333336,1089.461
2024-04-28,42693.66666666666,1024.648
2024-04-29,47501.65625,1140.03975
2024-04-30,46045.020833333336,1105.0805
2024-05-01,40307.65625,967.38375
2024-05-02,46078.5625,1105.8855
2024-05-03,46359.0,1112.616
2024-05-04,42051.6875,1009.2405
2024-05-05,38964.0625,935.1375
2024-05-06,44277.65625,1062.66375
2024-05-07,45006.13541666666,1080.14725
2024-05-08,40389.020833333336,969.3365
2024-05-09,38718.35416666666,929.2405
2024-05-10,38718.1875,929.2365
2024-05-11,36893.5625,885.4455
2024-05-12,35996.9375,863.9265
2024-05-13,41307.583333333336,991.382
2024-05-14,43016.875,1032.405
2024-05-15,43530.79166666666,1044.739
2024-05-16,43609.35416666666,1046.6245
2024-05-17,43354.07291666666,1040.49775
2024-05-18,38692.302083333336,928.61525
2024-05-19,36430.71875,874.33725
2024-05-20,37869.21875,908.86125
2024-05-21,43155.645833333336,1035.7355
2024-05-22,43393.177083333336,1041.43625
2024-05-23,43986.44791666666,1055.67475
2024-05-24,43598.59375,1046.36625
2024-05-25,39053.79166666666,937.291
2024-05-26,36567.71875,877.62525
2024-05-27,42325.44791666666,1015.81075
2024-05-28,42996.96875,1031.92725
2024-05-29,43338.51041666666,1040.12425
2024-05-30,43583.427083333336,1046.00225
2024-05-31,43576.97916666666,1045.8475
2024-06-01,39247.28125,941.93475
2024-06-02,38021.489583333336,912.51575
2024-06-03,43238.85416666666,1037.7325
2024-06-04,43031.6875,1032.7605
2024-06-05,42947.645833333336,1030.7435
2024-06-06,43201.177083333336,1036.82825
2024-06-07,42646.71875,1023.52125
2024-06-08,38062.833333333336,913.508
2024-06-09,36525.32291666666,876.60775
2024-06-10,41679.4375,1000.3065
2024-06-11,42913.57291666666,1029.92575
2024-06-12,43191.583333333336,1036.598
2024-06-13,42876.47916666666,1029.0355
2024-06-14,42176.07291666666,1012.22575
2024-06-15,38101.25,914.43
2024-06-16,36716.28125,881.19075
2024-06-17,42560.875,1021.461
2024-06-18,43136.66666666666,1035.28
2024-06-19,43250.6875,1038.0165
2024-06-20,43997.96875,1055.95125
2024-06-21,42908.35416666666,1029.8005
2024-06-22,38038.96875,912.93525
2024-06-23,36805.645833333336,883.3355
2024-06-24,42582.72916666666,1021.9855
2024-06-25,43765.53125,1050.37275
2024-06-26,44949.46875,1078.78725
2024-06-27,44986.239583333336,1079.66975
2024-06-28,43790.91666666666,1050.982
2024-06-29,39063.90625,937.53375
2024-06-30,36831.04166666666,883.945
2024-07-01,42314.625,1015.551
2024-07-02,43312.76041666666,1039.50625
2024-07-03,43098.489583333336,1034.36375
2024-07-04,43246.88541666666,1037.92525
2024-07-05,42932.03125,1030.36875
2024-07-06,38094.3125,914.2635
2024-07-07,36386.79166666666,873.283
2024-07-08,42806.4375,1027.3545
2024-07-09,44568.125,1069.635
2024-07-10,44603.90625,1070.49375
2024-07-11,45482.29166666666,1091.575
2024-07-12,43602.03125,1046.44875
2024-07-13,38820.09375,931.68225
2024-07-14,37423.90625,898.17375
2024-07-15,43460.333333333336,1043.048
2024-07-16,43420.34375,1042.08825
2024-07-17,44702.833333333336,1072.868
2024-07-18,45714.989583333336,1097.15975
2024-07-19,45816.770833333336,1099.6025
2024-07-20,41228.864583333336,989.49275
2024-07-21,37588.40625,902.12175
2024-07-22,42629.125,1023.099
2024-07-23,43959.47916666666,1055.0275
2024-07-24,44843.97916666666,1076.2555
2024-07-25,44944.239583333336,1078.66175
2024-07-26,44443.15625,1066.63575
2024-07-27,40318.5,967.644
2024-07-28,38180.375,916.329
2024-07-29,44190.583333333336,1060.574
2024-07-30,46521.895833333336,1116.5255
2024-07-31,46748.364583333336,1121.96075
2024-08-01,45714.833333333336,1097.156
2024-08-02,44175.302083333336,1060.20725
2024-08-03,39189.41666666666,940.546
2024-08-04,37276.0,894.624
2024-08-05,41640.875,999.381
2024-08-06,42558.833333333336,1021.412
2024-08-07,41895.88541666666,1005.50125
2024-08-08,42172.07291666666,1012.12975
2024-08-09,41916.739583333336,1006.00175
2024-08-10,39953.85416666666,958.8925
2024-08-11,38630.833333333336,927.14
2024-08-12,42969.63541666666,1031.27125
2024-08-13,42888.34375,1029.32025
2024-08-14,41472.82291666666,995.34775
2024-08-15,37782.90625,906.78975
2024-08-16,39385.03125,945.24075
2024-08-17,37914.22916666666,909.9415
2024-08-18,35681.729166666664,856.3615
2024-08-19,39815.395833333336,955.5695
2024-08-20,41183.4375,988.4025
2024-08-21,41141.10416666666,987.3865
2024-08-22,41759.427083333336,1002.22625
2024-08-23,41576.26041666666,997.83025
2024-08-24,39155.458333333336,939.731
2024-08-25,37168.458333333336,892.043
2024-08-26,42096.145833333336,1010.3075
2024-08-27,43652.875,1047.669
2024-08-28,44876.09375,1077.02625
2024-08-29,45275.3125,1086.6075
2024-08-30,44215.239583333336,1061.16575
2024-08-31,39894.864583333336,957.47675
2024-09-01,38460.6875,923.0565
2024-09-02,43705.60416666666,1048.9345
2024-09-03,44174.78125,1060.19475
2024-09-04,43864.44791666666,1052.74675
2024-09-05,43503.270833333336,1044.0785
2024-09-06,43349.91666666666,1040.398
2024-09-07,39152.489583333336,939.65975
2024-09-08,36963.22916666666,887.1175
2024-09-09,42189.28125,1012.54275
2024-09-10,42583.94791666666,1022.01475
2024-09-11,43249.16666666666,1037.98
2024-09-12,43745.989583333336,1049.90375
2024-09-13,43719.333333333336,1049.264
2024-09-14,39819.020833333336,955.6565
2024-09-15,38377.114583333336,921.05075
2024-09-16,43310.145833333336,1039.4435
2024-09-17,43847.28125,1052.33475
2024-09-18,43790.66666666666,1050.976
2024-09-19,43563.51041666666,1045.52425
2024-09-20,43076.32291666666,1033.83175
2024-09-21,38836.32291666666,932.07175
2024-09-22,37440.875,898.581
2024-09-23,42441.47916666666,1018.5955
2024-09-24,43500.07291666666,1044.00175
2024-09-25,44153.69791666666,1059.68875
2024-09-26,44328.72916666666,1063.8895
2024-09-27,43858.60416666666,1052.6065
2024-09-28,40380.35416666666,969.1285
2024-09-29,40498.13541666666,971.95525
2024-09-30,44748.46875,1073.96325
2024-10-01,45537.302083333336,1092.89525
2024-10-02,46119.84375,1106.87625
2024-10-03,46459.19791666666,1115.02075
2024-10-04,47452.739583333336,1138.86575
2024-10-05,42762.46875,1026.29925
2024-10-06,41134.63541666666,987.23125
2024-10-07,45783.239583333336,1098.79775
2024-10-08,45632.32291666666,1095.17575
2024-10-09,46590.927083333336,1118.18225
2024-10-10,46464.51041666666,1115.14825
2024-10-11,47051.677083333336,1129.24025
2024-10-12,43321.22916666666,1039.7095
2024-10-13,40643.66666666666,975.448
2024-10-14,46085.01041666666,1106.04025
2024-10-15,45943.51041666666,1102.64425
2024-10-16,45467.94791666666,1091.23075
2024-10-17,45776.82291666666,1098.64375
2024-10-18,45980.333333333336,1103.528
2024-10-19,41563.25,997.518
2024-10-20,39731.864583333336,953.56475
2024-10-21,44877.395833333336,1077.0575
2024-10-22,46232.864583333336,1109.58875
2024-10-23,47110.052083333336,1130.64125
2024-10-24,46897.458333333336,1125.539
2024-10-25,45729.84375,1097.51625
2024-10-26,42320.59375,1015.69425
2024-10-27,40489.71875,971.75325
2024-10-28,46162.708333333336,1107.905
2024-10-29,47890.38541666666,1149.36925
2024-10-30,48142.84375,1155.42825
2024-10-31,48125.958333333336,1155.023
2024-11-01,44337.28125,1064.09475
2024-11-02,44275.958333333336,1062.623
2024-11-03,44132.3125,1059.1755
2024-11-04,50833.375,1220.001
2024-11-05,51497.46875,1235.93925
2024-11-06,51636.46875,1239.27525
2024-11-07,51618.958333333336,1238.855
2024-11-08,51701.16666666666,1240.828
2024-11-09,47015.07291666666,1128.36175
2024-11-10,44693.03125,1072.63275
2024-11-11,46295.614583333336,1111.09475
2024-11-12,54312.3125,1303.4955
2024-11-13,56594.989583333336,1358.27975
2024-11-14,57490.46875,1379.77125
2024-11-15,57262.583333333336,1374.302
2024-11-16,53815.25,1291.566
2024-11-17,52297.6875,1255.1445
2024-11-18,56325.53125,1351.81275
2024-11-19,56881.09375,1365.14625
2024-11-20,58891.614583333336,1413.39875
2024-11-21,64414.552083333336,1545.94925
2024-11-22,64970.19791666666,1559.28475
2024-11-23,60125.79166666666,1443.019
2024-11-24,50267.57291666666,1206.42175
2024-11-25,53104.15625,1274.49975
2024-11-26,54740.958333333336,1313.783
2024-11-27,55577.38541666666,1333.85725
2024-11-28,56991.38541666666,1367.79325
2024-11-29,58467.79166666666,1403.227
2024-11-30,55844.5,1340.268
2024-12-01,53466.13541666666,1283.18725
2024-12-02,56231.19791666666,1349.54875
2024-12-03,59422.5,1426.14
2024-12-04,62538.03125,1500.91275
2024-12-05,62739.54166666666,1505.749
2024-12-06,57975.09375,1391.40225
2024-12-07,54561.57291666666,1309.47775
2024-12-08,55967.5,1343.22
2024-12-09,63398.9375,1521.5745
2024-12-10,65662.47916666667,1575.8995
2024-12-11,66575.1875,1597.8045
2024-12-12,68150.36458333333,1635.60875
2024-12-13,69013.28125,1656.31875
2024-12-14,63259.552083333336,1518.22925
2024-12-15,59741.72916666666,1433.8015
2024-12-16,64052.35416666666,1537.2565
2024-12-17,63997.208333333336,1535.933
2024-12-18,60731.13541666666,1457.54725
2024-12-19,58979.8125,1415.5155
2024-12-20,62575.520833333336,1501.8125
2024-12-21,56614.19791666666,1358.74075
2024-12-22,54797.625,1315.143
2024-12-23,60466.020833333336,1451.1845
2024-12-24,57644.85416666666,1383.4765
2024-12-25,51182.145833333336,1228.3715
2024-12-26,56492.22916666666,1355.8135
2024-12-27,61762.09375,1482.29025
2024-12-28,59949.708333333336,1438.793
2024-12-29,61172.63541666666,1468.14325
2024-12-30,65071.79166666666,1561.723
2024-12-31,65305.145833333336,1567.3235
2025-01-01,59007.395833333336,1416.1775
2025-01-02,61828.69791666666,1483.88875
2025-01-03,64939.364583333336,1558.54475
2025-01-04,65222.94791666666,1565.35075
2025-01-05,56015.1875,1344.3645
2025-01-06,59373.0625,1424.9535
2025-01-07,63686.54166666666,1528.477
2025-01-08,63844.114583333336,1532.25875
2025-01-09,62706.583333333336,1504.958
2025-01-10,66022.55208333333,1584.54125
2025-01-11,63341.84375,1520.20425
2025-01-12,65819.26041666667,1579.66225
2025-01-13,73241.33333333333,1757.792
2025-01-14,77123.34375,1850.96025
2025-01-15,75708.05208333333,1816.99325
2025-01-16,72231.22916666667,1733.5495
2025-01-17,73996.59375,1775.91825
2025-01-18,71116.08333333333,1706.786
2025-01-19,68619.29166666667,1646.863
2025-01-20,73929.94791666667,1774.31875
2025-01-21,73103.13541666667,1754.47525
2025-01-22,67763.96875,1626.33525
2025-01-23,64879.57291666666,1557.10975
2025-01-24,64691.69791666666,1552.60075
2025-01-25,55842.75,1340.226
2025-01-26,57555.15625,1381.32375
2025-01-27,60139.16666666666,1443.34
2025-01-28,62289.28125,1494.94275
2025-01-29,62745.114583333336,1505.88275
2025-01-30,62950.927083333336,1510.82225
2025-01-31,65632.55208333333,1575.18125
2025-02-01,63264.09375,1518.33825
2025-02-02,62249.19791666666,1493.98075
2025-02-03,69121.46875,1658.91525
2025-02-04,70135.59375,1683.25425
2025-02-05,68425.29166666667,1642.207
2025-02-06,68514.70833333333,1644.353
2025-02-07,68710.5,1649.052
2025-02-08,62348.395833333336,1496.3615
2025-02-09,60538.51041666666,1452.92425
2025-02-10,65043.09375,1561.03425
2025-02-11,65145.645833333336,1563.4955
2025-02-12,63817.09375,1531.61025
2025-02-13,63306.083333333336,1519.346
2025-02-14,63920.85416666666,1534.1005
2025-02-15,61645.79166666666,1479.499
2025-02-16,59367.125,1424.811
2025-02-17,64458.614583333336,1547.00675
2025-02-18,66039.67708333333,1584.95225
2025-02-19,63253.0,1518.072
2025-02-20,58281.895833333336,1398.7655
2025-02-21,55269.41666666666,1326.466
2025-02-22,50169.29166666666,1204.063
2025-02-23,49598.57291666666,1190.36575
2025-02-24,55109.302083333336,1322.62325
2025-02-25,56812.38541666666,1363.49725
2025-02-26,59338.3125,1424.1195
2025-02-27,60101.03125,1442.42475
2025-02-28,60425.052083333336,1450.20125
2025-03-01,57300.0625,1375.2015
2025-03-02,55031.60416666666,1320.7585
2025-03-03,60223.66666666666,1445.368
2025-03-04,59159.84375,1419.83625
2025-03-05,57519.177083333336,1380.46025
2025-03-06,54772.40625,1314.53775
2025-03-07,52419.989583333336,1258.07975
2025-03-08,46973.302083333336,1127.35925
2025-03-09,46191.41666666666,1108.594
2025-03-10,51973.989583333336,1247.37575
2025-03-11,54434.864583333336,1306.43675
2025-03-12,57888.833333333336,1389.332
2025-03-13,60226.989583333336,1445.44775
2025-03-14,62109.40625,1490.62575
2025-03-15,58958.78125,1415.01075
2025-03-16,57336.65625,1376.07975
2025-03-17,60793.5,1459.044
2025-03-18,58933.38541666666,1414.40125
2025-03-19,55449.458333333336,1330.787
2025-03-20,53126.16666666666,1275.028
2025-03-21,51186.38541666666,1228.47325
2025-03-22,46110.114583333336,1106.64275
2025-03-23,45610.13541666666,1094.64325
2025-03-24,51499.57291666666,1235.98975
2025-03-25,52705.53125,1264.93275
2025-03-26,52601.270833333336,1262.4305
2025-03-27,52032.75,1248.786
2025-03-28,52235.71875,1253.65725
2025-03-29,48492.04166666666,1163.809
2025-03-30,46339.052083333336,1112.13725
2025-03-31,49620.91666666666,1190.902
2025-04-01,49851.6875,1196.4405
2025-04-02,50899.69791666666,1221.59275
2025-04-03,49308.66666666666,1183.408
2025-04-04,46575.708333333336,1117.817
2025-04-05,40690.5625,976.5735
2025-04-06,38764.145833333336,930.3395
2025-04-07,45362.88541666666,1088.70925
2025-04-08,46416.22916666666,1113.9895
2025-04-09,45936.59375,1102.47825
2025-04-10,46299.72916666666,1111.1935
2025-04-11,45671.145833333336,1096.1075
2025-04-12,40557.625,973.383
2025-04-13,39483.5625,947.6055
2025-04-14,45106.333333333336,1082.552
2025-04-15,46159.13541666666,1107.81925
2025-04-16,48241.79166666666,1157.803
2025-04-17,49817.270833333336,1195.6145
2025-04-18,47738.114583333336,1145.71475
2025-04-19,42828.583333333336,1027.886
2025-04-20,40617.94791666666,974.83075
2025-04-21,41333.375,992.001
2025-04-22,45656.76041666666,1095.76225
2025-04-23,47714.01041666666,1145.13625
2025-04-24,47846.083333333336,1148.306
2025-04-25,46667.0625,1120.0095
2025-04-26,41386.09375,993.26625
2025-04-27,39000.16666666666,936.004
2025-04-28,43106.59375,1034.55825
2025-04-29,42479.114583333336,1019.49875
2025-04-30,42238.489583333336,1013.72375
2025-05-01,35514.666666666664,852.352
2025-05-02,38803.66666666666,931.288
2025-05-03,36333.0,871.992
2025-05-04,35828.239583333336,859.87775
2025-05-05,41639.54166666666,999.349
2025-05-06,43431.221052631576,1031.4915
2025-05-07,44333.32631578948,1052.9165
2025-05-08,39935.45263157895,948.467
2025-05-09,41058.14736842105,975.131
2025-05-10,37974.42105263158,901.8925
2025-05-11,37098.0,881.0775
2025-05-12,42254.95789473684,1003.55525
2025-05-13,43247.10526315789,1027.11875
2025-05-14,43021.6947368421,1021.76525
2025-05-15,42627.05263157895,1012.3925
2025-05-16,42244.936842105264,1003.31725
2025-05-17,38184.57894736842,906.88375
2025-05-18,36926.37894736842,877.0015
2025-05-19,41858.43157894737,994.13775
2025-05-20,42476.11578947368,1008.80775
2025-05-21,43097.97894736842,1023.577
2025-05-22,43389.70526315789,1030.5055
2025-05-23,43032.63157894737,1022.025
2025-05-24,38114.45263157895,905.21825
2025-05-25,36067.231578947365,856.59675
2025-05-26,41600.64210526316,988.01525
2025-05-27,42915.76842105264,1019.2495
2025-05-28,43165.37894736842,1025.17775
2025-05-29,38507.74736842105,914.559
2025-05-30,40450.936842105264,960.70975
2025-05-31,38183.67368421053,906.86225
2025-06-01,36108.21052631579,857.57
2025-06-02,41888.72631578947,994.85725
2025-06-03,42924.70526315789,1019.46175
2025-06-04,43237.33684210527,1026.88675
2025-06-05,43329.94736842105,1029.08625
2025-06-06,42478.37894736842,1008.8615
2025-06-07,38118.18947368421,905.307
2025-06-08,36023.15789473684,855.55
2025-06-09,38330.67368421053,910.3535
2025-06-10,43249.98947368421,1027.18725
2025-06-11,44591.48421052632,1059.04775
2025-06-12,44828.97894736842,1064.68825
2025-06-13,45451.97894736842,1079.4845
2025-06-14,40123.87368421053,952.942
2025-06-15,37595.81052631579,892.9005
2025-06-16,43400.63157894737,1030.765
2025-06-17,44782.8,1063.5915
2025-06-18,45792.70526315789,1087.57675
2025-06-19,46660.905263157896,1108.1965
2025-06-20,46445.86315789474,1103.08925
2025-06-21,42241.10526315789,1003.22625
2025-06-22,40131.11578947368,953.114
2025-06-23,45665.62105263158,1084.5585
2025-06-24,46454.0947368421,1103.28475
2025-06-25,47788.74736842105,1134.98275
2025-06-26,46310.757894736846,1099.8805
2025-06-27,46607.61052631579,1106.93075
2025-06-28,42934.94736842105,1019.705
2025-06-29,41640.18947368421,988.9545
2025-06-30,49363.58947368421,1172.38525
2025-07-01,50935.86315789474,1209.72675
2025-07-02,49990.01052631579,1187.26275
2025-07-03,47966.55789473684,1139.20575
2025-07-04,47364.47368421053,1124.90625
2025-07-05,42292.58947368421,1004.449
2025-07-06,39024.61052631579,926.8345
2025-07-07,43650.44210526316,1036.698
2025-07-08,43905.905263157896,1042.76525
2025-07-09,44603.8,1059.34025
2025-07-10,45040.85263157895,1069.72025
2025-07-11,45001.37894736842,1068.78275
2025-07-12,40425.31578947369,960.10125
2025-07-13,38665.71578947368,918.31075
2025-07-14,39585.89473684211,940.165
2025-07-15,44599.51578947368,1059.2385
2025-07-16,45325.663157894734,1076.4845
2025-07-17,46603.82105263158,1106.84075
2025-07-18,46383.71578947368,1101.61325
2025-07-19,40841.85263157895,969.994
2025-07-20,38254.21052631579,908.5375
2025-07-21,42558.63157894737,1010.7675
2025-07-22,42919.3052631579,1019.3335
2025-07-23,43819.33684210527,1040.70925
2025-07-24,43522.92631578948,1033.6695
2025-07-25,43050.37894736842,1022.4465
2025-07-26,38848.83157894737,922.65975
2025-07-27,36662.70526315789,870.73925
2025-07-28,41459.45263157895,984.662
2025-07-29,42100.48421052632,999.8865
2025-07-30,42942.81052631579,1019.89175
2025-07-31,42792.10526315789,1016.3125
2025-08-01,41415.77894736842,983.62475
2025-08-02,37375.86315789474,887.67675
2025-08-03,35487.926315789475,842.83825
2025-08-04,39594.16842105263,940.3615
2025-08-05,40407.3052631579,959.6735
2025-08-06,40090.231578947365,952.143
2025-08-07,40819.96842105263,969.47425
2025-08-08,41479.10526315789,985.12875
2025-08-09,39186.72631578947,930.68475
2025-08-10,37743.44210526316,896.40675
2025-08-11,41965.231578947365,996.67425
2025-08-12,43581.905263157896,1035.07025
2025-08-13,44142.81052631579,1048.39175
2025-08-14,43535.72631578947,1033.9735
2025-08-15,40660.03157894737,965.67575
2025-08-16,39434.77894736842,936.576
2025-08-17,38209.52631578947,907.47625
2025-08-18,42344.96842105263,1005.693
2025-08-19,42810.82105263158,1016.757
2025-08-20,41770.97894736842,992.06075
2025-08-21,40858.0,970.3775
2025-08-22,40767.72631578947,968.2335
2025-08-23,37703.47368421053,895.4575
2025-08-24,36214.12631578947,860.0855
2025-08-25,42194.28421052632,1002.11425
2025-08-26,43773.58947368421,1039.62275
2025-08-27,44216.81052631579,1050.14925
2025-08-28,43564.494736842105,1034.65675
2025-08-29,42284.42105263158,1004.255
2025-08-30,38320.0,910.1
2025-08-31,37331.52631578947,886.62375
2025-09-01,42129.01063829787,990.03175
2025-09-02,42577.53684210526,1011.2165
2025-09-03,43512.76842105264,1033.42825
2025-09-04,43686.6947368421,1037.559
2025-09-05,43294.73684210526,1028.25
2025-09-06,38352.15789473684,910.86375
2025-09-07,37348.72631578947,887.03225
2025-09-08,43202.38947368421,1026.05675
2025-09-09,43400.8,1030.769
2025-09-10,42996.4,1021.1645
2025-09-11,43492.221052631576,1032.94025
2025-09-12,42787.70526315789,1016.208
2025-09-13,38565.29473684211,915.92575
2025-09-14,37303.663157894734,885.962
2025-09-15,42906.36842105263,1019.02625
2025-09-16,43615.16666666666,1046.764
2025-09-17,44027.88541666666,1056.66925
2025-09-18,44060.41666666666,1057.45
2025-09-19,43827.60416666666,1051.8625
2025-09-20,39561.708333333336,949.481
2025-09-21,38029.66666666666,912.712
2025-09-22,42856.66666666666,1028.56
2025-09-23,44869.79166666666,1076.875
2025-09-24,46490.35789473685,1104.146
2025-09-25,47341.41666666666,1136.194
2025-09-26,47548.208333333336,1141.157
2025-09-27,42241.78125,1013.80275
2025-09-28,40440.84375,970.58025
2025-09-29,45319.95789473684,1076.349
2025-09-30,45801.53125,1099.23675
2025-10-01,46068.16666666666,1105.636
2025-10-02,45636.79166666666,1095.283
2025-10-03,45915.052083333336,1101.96125
2025-10-04,41222.41666666666,989.338
2025-10-05,40135.16666666666,963.244
2025-10-06,46456.5625,1114.9575
2025-10-07,46382.01041666666,1113.16825
2025-10-08,46399.020833333336,1113.5765
2025-10-09,46676.958333333336,1120.247
2025-10-10,46298.82105263158,1099.597
2025-10-11,41642.833333333336,999.428
2025-10-12,39823.47916666666,955.7635
2025-10-13,45630.65625,1095.13575
2025-10-14,46588.32291666666,1118.11975
2025-10-15,47172.96875,1132.15125
2025-10-16,47410.28125,1137.84675
2025-10-17,47127.87368421053,1119.287
2025-10-18,42857.333333333336,1028.576
2025-10-19,41937.177083333336,1006.49225
2025-10-20,46260.95789473684,1098.69775
2025-10-21,47050.35416666666,1129.2085
2025-10-22,47092.66666666666,1130.224
2025-10-23,47572.72916666666,1141.7455
2025-10-24,49110.895833333336,1178.6615
2025-10-25,44987.52173913043,1034.713
2025-10-26,43867.145833333336,1052.8115
2025-10-27,50249.614583333336,1205.99075
2025-10-28,49732.32291666666,1193.57575
2025-10-29,50162.53125,1203.90075
2025-10-30,49477.32291666666,1187.45575
2025-10-31,48176.16666666666,1156.228
2025-11-01,42940.895833333336,1030.5815
2025-11-02,42823.895833333336,1027.7735
2025-11-03,49427.94736842105,1173.91375
2025-11-04,49786.15625,1194.86775
2025-11-05,49514.16666666666,1188.34
2025-11-06,49748.48421052632,1181.5265
2025-11-07,50100.5,1202.412
2025-11-08,46574.40625,1117.78575
2025-11-09,45724.6875,1097.3925
2025-11-10,49665.07291666666,1191.96175
2025-11-11,46794.302083333336,1123.06325
2025-11-12,50415.79166666666,1209.979
2025-11-13,49417.239583333336,1186.01375
2025-11-14,48374.35416666666,1160.9845
2025-11-15,44531.6875,1068.7605
2025-11-16,44597.0625,1070.3295
2025-11-17,52772.0,1266.528
2025-11-18,59565.239583333336,1429.56575
2025-11-19,61626.989583333336,1479.04775
2025-11-20,65038.0625,1560.9135
2025-11-21,68843.125,1652.235
2025-11-22,66887.17708333333,1605.29225
2025-11-23,62629.4375,1503.1065
2025-11-24,61935.66666666666,1486.456
2025-11-25,63043.34375,1513.04025
2025-11-26,65976.90625,1583.44575
2025-11-27,66792.10416666667,1603.0105
2025-11-28,63745.75,1529.898
2025-11-29,56208.0625,1348.9935
2025-11-30,55068.66666666666,1321.648
2025-12-01,64098.15625,1538.35575
2025-12-02,63189.25,1516.542
2025-12-03,62833.85416666666,1508.0125
2025-12-04,63370.5,1520.892
2025-12-05,64754.25,1554.102
2025-12-06,56331.47916666666,1351.9555
2025-12-07,51630.208333333336,1239.125
2025-12-08,54679.427083333336,1312.30625
2025-12-09,55367.16666666666,1328.812
2025-12-10,56714.52604166666,1361.1486249999998
2025-12-11,58061.88541666666,1393.48525
2025-12-12,56719.32291666666,1361.26375
2025-12-13,54023.19791666666,1296.55675
2025-12-14,54573.645833333336,1309.7675
2025-12-15,59434.96875,1426.43925
2025-12-16,58112.4375,1394.6985
2025-12-17,59189.395833333336,1420.5455
2025-12-18,57982.88541666666,1391.58925
2025-12-19,55813.13541666666,1339.51525
2025-12-20,52777.01041666666,1266.64825
2025-12-21,50747.052083333336,1217.92925
2025-12-22,56997.65625,1367.94375
2025-12-23,60024.97916666666,1440.5995
2025-12-24,61441.22916666666,1474.5895
2025-12-25,60145.46875,1443.49125
2025-12-26,64377.833333333336,1545.068
2025-12-27,63652.38541666666,1527.65725
2025-12-28,63003.645833333336,1512.0875
2025-12-29,67916.52083333333,1629.9965
2025-12-30,68295.53125,1639.09275
2025-12-31,69324.94791666667,1663.79875
2026-01-01,69341.17361111111,1664.1881666666666
2026-01-02,69357.39930555556,1664.5775833333337
2026-01-03,69373.625,1664.967
2026-01-04,70597.72916666667,1694.3455
2026-01-05,80335.18947368421,1907.96075
2026-01-06,82334.11458333333,1976.01875
2026-01-07,80989.67708333333,1943.75225
2026-01-08,73028.63541666667,1752.68725
2026-01-09,69537.89583333333,1668.9095
2026-01-10,66676.28125,1600.23075
2026-01-11,66254.33333333333,1590.104
2026-01-12,67948.40625,1630.76175
2026-01-13,63441.63541666666,1522.59925
2026-01-14,61444.895833333336,1474.6775
2026-01-15,60933.10416666666,1462.3945
2026-01-16,60977.8125,1463.4675
2026-01-17,56813.645833333336,1363.5275
2026-01-18,55353.54166666666,1328.485
2026-01-19,62849.28125,1508.38275
2026-01-20,64344.802083333336,1544.27525
2026-01-21,63801.71875,1531.24125
2026-01-22,63016.864583333336,1512.40475
2026-01-23,64608.270833333336,1550.5985
2026-01-24,61445.65625,1474.69575
2026-01-25,60164.208333333336,1443.941
2026-01-26,66055.17708333333,1585.32425
2026-01-27,66557.82291666667,1597.38775
2026-01-28,66449.33333333333,1594.784
2026-01-29,67842.36842105263,1611.25625
2026-01-30,64481.552083333336,1547.55725
2026-01-31,59006.29166666666,1416.151
2026-02-01,56197.15625,1348.73175
2026-02-02,62340.614583333336,1496.17475
2026-02-03,61425.26041666666,1474.20625
2026-02-04,62636.94791666666,1503.28675
2026-02-05,62073.13541666666,1489.75525
2026-02-06,59258.03125,1422.19275
2026-02-07,54955.69791666666,1318.93675
2026-02-08,54365.9375,1304.7825
2026-02-09,61250.677083333336,1470.01625
2026-02-10,60601.5625,1454.4375
2026-02-11,58246.65625,1397.91975
2026-02-12,58524.645833333336,1404.5915
2026-02-13,60327.802083333336,1447.86725
2026-02-14,59275.53125,1422.61275
2026-02-15,61527.45263157895,1461.277
2026-02-16,62979.41666666666,1511.506
2026-02-17,63107.41666666666,1514.578
2026-02-18,63928.125,1534.275
2026-02-19,63120.489583333336,1514.89175
2026-02-20,61192.927083333336,1468.63025
2026-02-21,53004.21875,1272.10125
2026-02-22,50207.76041666666,1204.98625
2026-02-23,54723.66666666666,1313.368
2026-02-24,52986.28125,1271.67075
2026-02-25,52446.4375,1258.7145
2026-02-26,51630.16666666666,1239.124
2026-02-27,51940.875,1246.581
2026-02-28,48966.802083333336,1175.20325
2026-03-01,49278.90625,1182.69375
2026-03-02,53315.8125,1279.5795
2026-03-03,53020.505263157895,1259.237
2026-03-04,52037.84375,1248.90825
2026-03-05,51792.28125,1243.01475
2026-03-06,51983.65625,1247.60775
2026-03-07,47372.833333333336,1136.948
2026-03-08,45905.6875,1101.7365
2026-03-09,50910.625,1221.855
2026-03-10,51775.239583333336,1242.60575
2026-03-11,53558.677083333336,1285.40825
2026-03-12,54161.333333333336,1299.872
2026-03-13,55579.85416666666,1333.9165
2026-03-14,52987.9375,1271.7105
2026-03-15,52527.364583333336,1260.65675
2026-03-16,56214.34375,1349.14425
2026-03-17,53019.26041666666,1272.46225
2026-03-18,51761.6875,1242.2805
2026-03-19,51300.645833333336,1231.2155
2026-03-20,50550.9375,1213.2225
2026-03-21,46214.44791666666,1109.14675
2026-03-22,46193.29166666666,1108.639
2026-03-23,51831.364583333336,1243.95275
2026-03-24,51143.46875,1227.44325
2026-03-25,54868.79166666666,1316.851
2026-03-26,58186.75,1396.482
2026-03-27,58202.26041666666,1396.85425
2026-03-28,53277.9375,1278.6705
2026-03-29,51856.489130434784,1192.69925
2026-03-30,55928.114583333336,1342.27475
2026-03-31,56506.96875,1356.16725
2026-04-01,56362.145833333336,1352.6915
2026-04-02,55526.54166666666,1332.637
2026-04-03,54775.239583333336,1314.60575
2026-04-04,45652.71875,1095.66525
2026-04-05,42113.083333333336,1010.714
2026-04-06,42519.69791666666,1020.47275
2026-04-07,45418.40625,1090.04175
2026-04-08,45192.54166666666,1084.621
2026-04-09,44904.583333333336,1077.71
2026-04-10,44492.32291666666,1067.81575
2026-04-11,41973.8125,1007.3715
2026-04-12,42803.65625,1027.28775
2026-04-13,50041.26041666666,1200.99025
2026-04-14,49645.208333333336,1191.485
2026-04-15,47676.66666666666,1144.24
2026-04-16,45942.8125,1102.6275
2026-04-17,44713.72916666666,1073.1295
2026-04-18,39837.97916666666,956.1115
2026-04-19,38284.32291666666,918.82375
2026-04-20,43717.25,1049.214
2026-04-21,45302.76041666666,1087.26625
2026-04-22,45882.3125,1101.1755
2026-04-23,45083.125,1081.995
2026-04-24,44114.66666666666,1058.752
2026-04-25,39857.3125,956.5755
2026-04-26,37930.9375,910.3425
2026-04-27,42993.958333333336,1031.855
2026-04-28,43658.22916666666,1047.7975
2026-04-29,43949.15625,1054.77975
2026-04-30,43542.83157894737,1034.14225
2026-05-01,36668.10416666666,880.0345
2026-05-02,37666.04166666666,903.985
2026-05-03,37328.739583333336,895.88975
2026-05-04,43685.0625,1048.4415
2026-05-05,44698.125,1072.755
2026-05-06,45486.1875,1091.6685
2026-05-07,45046.85416666666,1081.1245
2026-05-08,39276.083333333336,942.626
2026-05-09,37327.54166666666,895.861
2026-05-10,37506.35416666666,900.1525
2026-05-11,43611.82291666666,1046.68375
2026-05-12,44194.35416666666,1060.6645
2026-05-13,45007.78125,1080.18675
2026-05-14,42191.15625,1012.58775
2026-05-15,44101.583333333336,1058.438
2026-05-16,42134.90625,1011.23775
2026-05-17,40232.208333333336,965.573
2026-05-18,45260.41666666666,1086.25
2026-05-19,45659.833333333336,1095.836
2026-05-20,44665.645833333336,1071.9755
2026-05-21,44082.208333333336,1057.973
2026-05-22,43330.96875,1039.94325
2026-05-23,38587.04166666666,926.089
2026-05-24,36363.645833333336,872.7275
2026-05-25,38998.145833333336,935.9555
2026-05-26,45063.489583333336,1081.52375
2026-05-27,45683.29166666666,1096.399
2026-05-28,46165.10416666666,1107.9625
2026-05-29,45886.1875,1101.2685
2026-05-30,41019.770833333336,984.4745
2026-05-31,37761.91666666666,906.286
2026-06-01,42938.333333333336,1030.52
2026-06-02,44222.520833333336,1061.3405
2026-06-03,43153.583333333336,1035.686
2026-06-04,44036.052083333336,1056.86525
2026-06-05,42547.36842105263,1010.5
2026-06-06,38275.10416666666,918.6025
2026-06-07,36389.01041666666,873.33625
2026-06-08,42870.22916666666,1028.8855
2026-06-09,43071.8125,1033.7235
2026-06-10,43155.35416666666,1035.7285
2026-06-11,43684.72916666666,1048.4335
2026-06-12,43676.864583333336,1048.24475
2026-06-13,39435.84375,946.46025
2026-06-14,37191.57291666666,892.59775
2026-06-15,43725.07291666666,1049.40175
2026-06-16,44974.8125,1079.3955
2026-06-17,46180.57291666666,1108.33375
2026-06-18,47790.333333333336,1146.968
2026-06-19,47163.52631578947,1120.13375
2026-06-20,42766.42105263158,1015.7025
2026-06-21,41819.65263157895,993.21675
2026-06-22,49459.53684210526,1174.664
2026-06-23,51370.13684210526,1220.04075
2026-06-24,51980.84210526316,1234.545
2026-06-25,52287.18947368421,1241.82075
2026-06-26,51450.28421052632,1221.94425
2026-06-27,45956.3052631579,1091.46225
2026-06-28,42887.78947368421,1018.585
