ds,temp,temp_min,temp_max
2023-01-01,12.485000000000001,10.945000000000002,15.035000000000002
2023-01-02,10.235000000000001,6.7299999999999995,13.23
2023-01-03,7.290000000000001,4.965000000000001,10.035
2023-01-04,9.070000000000002,6.935000000000001,11.020000000000001
2023-01-05,10.565000000000001,8.725000000000003,12.000000000000002
2023-01-06,9.890000000000002,8.46,11.830000000000002
2023-01-07,8.815000000000003,6.235,11.135000000000002
2023-01-08,8.690000000000003,7.51,10.190000000000003
2023-01-09,6.400000000000001,4.770000000000001,8.420000000000002
2023-01-10,6.350000000000001,2.97,10.105000000000002
2023-01-11,8.830000000000002,6.485000000000001,11.020000000000001
2023-01-12,8.96,7.010000000000001,10.950000000000001
2023-01-13,8.580000000000002,6.555000000000001,10.840000000000003
2023-01-14,8.635000000000003,5.750000000000001,11.07
2023-01-15,6.38,3.925,9.490000000000002
2023-01-16,4.7700000000000005,1.5000000000000002,6.880000000000001
2023-01-17,2.48,0.15000000000000016,4.465000000000001
2023-01-18,1.0950000000000002,-1.3500000000000003,3.6850000000000005
2023-01-19,0.5900000000000002,-2.1550000000000002,3.8400000000000003
2023-01-20,0.6450000000000001,-1.86,3.9650000000000003
2023-01-21,0.7500000000000001,-1.9600000000000002,3.5000000000000004
2023-01-22,-0.525,-2.7400000000000007,1.6400000000000001
2023-01-23,0.9250000000000002,-1.3150000000000002,2.9950000000000006
2023-01-24,2.1500000000000004,-0.09000000000000004,4.420000000000001
2023-01-25,1.7000000000000002,0.225,3.2550000000000003
2023-01-26,1.9900000000000002,-0.6400000000000002,3.9
2023-01-27,3.075,1.5900000000000003,4.885000000000001
2023-01-28,2.4100000000000006,-0.13000000000000006,4.165
2023-01-29,0.8000000000000002,-2.0900000000000003,4.080000000000001
2023-01-30,2.5300000000000002,-0.5800000000000002,5.435000000000001
2023-01-31,3.835,1.0300000000000002,6.88
2023-02-01,5.8950000000000005,4.155,8.42
2023-02-02,5.71,3.185,8.820000000000002
2023-02-03,6.075000000000001,3.515,9.005
2023-02-04,7.015000000000001,4.955000000000001,9.840000000000002
2023-02-05,6.575,4.510000000000001,8.875000000000002
2023-02-06,3.9200000000000004,1.3550000000000002,7.430000000000001
2023-02-07,2.2350000000000003,-0.4750000000000001,6.700000000000001
2023-02-08,1.3950000000000002,-2.2350000000000003,6.985000000000001
2023-02-09,1.4000000000000001,-3.3650000000000007,6.950000000000001
2023-02-10,2.35,-1.495,7.590000000000001
2023-02-11,3.0450000000000004,-1.5150000000000001,9.410000000000002
2023-02-12,4.9300000000000015,1.4350000000000003,10.575000000000001
2023-02-13,4.765000000000001,-0.3950000000000001,11.620000000000003
2023-02-14,5.135000000000001,0.20500000000000004,12.920000000000002
2023-02-15,5.565,1.1050000000000002,11.730000000000002
2023-02-16,6.54,1.5800000000000003,11.455
2023-02-17,9.630000000000004,6.79,13.535000000000002
2023-02-18,9.790000000000001,7.12,12.995000000000003
2023-02-19,8.710000000000003,5.380000000000001,11.935
2023-02-20,6.910000000000001,2.2500000000000004,13.100000000000003
2023-02-21,7.915000000000001,2.605000000000001,15.070000000000002
2023-02-22,8.085,5.425000000000001,11.050000000000002
2023-02-23,7.355,5.005,10.215000000000002
2023-02-24,6.88,4.310000000000001,9.975000000000001
2023-02-25,4.920000000000001,1.2850000000000001,7.8100000000000005
2023-02-26,2.0850000000000004,-0.5850000000000001,4.530000000000001
2023-02-27,1.6200000000000003,-1.2,5.525000000000001
2023-02-28,1.0150000000000003,-1.9800000000000002,4.505000000000001
2023-03-01,1.7400000000000004,-2.2300000000000004,6.800000000000001
2023-03-02,2.7300000000000004,-1.305,8.195000000000002
2023-03-03,3.745,-0.17000000000000007,9.275
2023-03-04,3.7500000000000004,-0.25499999999999995,8.325000000000001
2023-03-05,4.200000000000001,1.3150000000000002,7.730000000000001
2023-03-06,3.35,-0.08000000000000003,7.175000000000002
2023-03-07,4.19,0.9900000000000001,7.605
2023-03-08,8.390000000000002,3.7750000000000004,12.910000000000002
2023-03-09,10.450000000000003,7.820000000000001,14.48
2023-03-10,8.340000000000002,5.3950000000000005,11.3
2023-03-11,6.8100000000000005,4.475000000000001,9.845000000000002
2023-03-12,10.405000000000003,7.58,13.890000000000002
2023-03-13,12.520000000000001,9.350000000000001,17.555000000000003
2023-03-14,8.620000000000003,4.620000000000001,11.22
2023-03-15,6.215000000000001,2.5200000000000005,10.63
2023-03-16,9.540000000000003,4.130000000000002,16.075000000000003
2023-03-17,11.200000000000003,7.635000000000001,16.105000000000004
2023-03-18,10.255000000000003,6.840000000000001,14.260000000000002
2023-03-19,9.325000000000001,6.410000000000001,12.435
2023-03-20,8.090000000000002,2.8400000000000003,12.790000000000001
2023-03-21,10.140000000000002,6.175000000000001,15.185
2023-03-22,10.865,7.240000000000001,14.925000000000002
2023-03-23,12.355,9.860000000000001,15.575000000000001
2023-03-24,11.620000000000003,8.780000000000003,14.505000000000003
2023-03-25,9.980000000000002,7.05,13.740000000000004
2023-03-26,9.275000000000002,7.08,12.195000000000002
2023-03-27,6.795000000000001,2.5400000000000005,10.060000000000002
2023-03-28,6.905,1.2300000000000002,12.690000000000001
2023-03-29,12.825000000000001,7.165000000000001,19.580000000000002
2023-03-30,13.07,10.635000000000002,16.170000000000005
2023-03-31,11.390000000000002,8.850000000000001,14.38
2023-04-01,9.370000000000001,7.300000000000001,12.615000000000002
2023-04-02,8.220000000000002,5.495000000000001,10.81
2023-04-03,7.295000000000002,3.6550000000000002,11.090000000000002
2023-04-04,5.83,1.1350000000000002,11.055000000000001
2023-04-05,6.39,-0.35500000000000004,12.625000000000002
2023-04-06,8.545000000000002,4.620000000000001,12.99
2023-04-07,8.495000000000003,3.6150000000000007,14.265000000000002
2023-04-08,9.320000000000002,4.150000000000001,14.790000000000001
2023-04-09,11.180000000000001,5.640000000000001,17.475
2023-04-10,11.705000000000002,6.9,16.535000000000004
2023-04-11,10.660000000000002,8.035000000000002,13.65
2023-04-12,9.795000000000002,6.805000000000001,12.745000000000001
2023-04-13,7.645000000000001,4.510000000000001,11.605000000000002
2023-04-14,7.63,3.4850000000000003,12.500000000000002
2023-04-15,9.620000000000001,6.920000000000001,13.435000000000002
2023-04-16,8.940000000000001,5.115,13.255
2023-04-17,9.900000000000002,5.720000000000001,14.890000000000002
2023-04-18,10.480000000000002,6.365000000000001,14.770000000000003
2023-04-19,12.445000000000002,7.170000000000001,18.115000000000002
2023-04-20,9.980000000000002,5.610000000000001,14.450000000000001
2023-04-21,10.155000000000003,4.680000000000001,16.055000000000007
2023-04-22,11.905,8.185,16.265000000000004
2023-04-23,11.585000000000003,8.58,15.380000000000003
2023-04-24,10.435,7.450000000000002,14.070000000000002
2023-04-25,9.650000000000002,6.9750000000000005,12.615000000000002
2023-04-26,10.645000000000001,6.9350000000000005,14.845000000000002
2023-04-27,13.38,7.655000000000001,18.010000000000005
2023-04-28,16.165000000000003,12.635000000000003,20.980000000000004
2023-04-29,14.085000000000003,10.47,18.050000000000004
2023-04-30,13.435000000000002,9.545000000000002,17.585000000000004
2023-05-01,13.13,9.975000000000003,17.235000000000003
2023-05-02,12.985000000000001,7.34,18.500000000000004
2023-05-03,14.475000000000003,8.465000000000002,20.770000000000007
2023-05-04,16.12,11.135,21.835
2023-05-05,14.975000000000003,11.235000000000001,18.850000000000005
2023-05-06,15.840000000000002,10.850000000000001,21.19
2023-05-07,15.26,11.840000000000002,19.315
2023-05-08,14.550000000000002,10.605000000000002,18.575000000000003
2023-05-09,14.175,11.795000000000002,17.315000000000005
2023-05-10,12.250000000000002,9.820000000000002,15.475000000000001
2023-05-11,11.9,8.530000000000001,15.625000000000002
2023-05-12,11.645000000000001,7.625000000000001,15.895000000000003
2023-05-13,13.725,9.995000000000001,18.075000000000003
2023-05-14,13.850000000000001,8.800000000000002,18.790000000000003
2023-05-15,13.235000000000001,9.765000000000002,17.19
2023-05-16,11.570000000000002,8.260000000000002,15.325000000000003
2023-05-17,11.510000000000002,7.110000000000001,15.88
2023-05-18,12.215,7.58,16.960000000000004
2023-05-19,13.240000000000002,7.840000000000001,18.375000000000004
2023-05-20,14.685,10.260000000000002,19.380000000000006
2023-05-21,15.965,11.550000000000002,20.970000000000002
2023-05-22,16.485000000000003,11.545000000000002,21.415000000000003
2023-05-23,16.220000000000002,12.23,20.450000000000003
2023-05-24,14.695000000000002,10.045000000000002,19.945000000000004
2023-05-25,14.885000000000002,10.000000000000002,20.095000000000002
2023-05-26,17.300000000000004,11.235000000000001,23.255000000000003
2023-05-27,18.815,12.880000000000003,24.890000000000004
2023-05-28,19.585000000000004,13.91,25.505000000000006
2023-05-29,19.145000000000003,13.510000000000003,25.095000000000002
2023-05-30,18.400000000000002,12.790000000000001,24.405000000000005
2023-05-31,18.960000000000004,12.810000000000002,24.925
2023-06-01,20.135000000000005,14.160000000000002,26.135
2023-06-02,17.700000000000003,11.89,23.160000000000007
2023-06-03,18.270000000000003,11.930000000000001,24.490000000000002
2023-06-04,19.345000000000006,13.96,25.22
2023-06-05,19.970000000000002,13.530000000000001,25.950000000000003
2023-06-06,19.845000000000002,13.725000000000001,25.2
2023-06-07,20.890000000000004,15.045,26.490000000000002
2023-06-08,21.310000000000006,15.575,26.405
2023-06-09,21.67,17.085000000000004,26.465
2023-06-10,20.860000000000003,15.955000000000002,25.895000000000003
2023-06-11,21.205000000000002,16.505000000000003,26.255000000000003
2023-06-12,20.740000000000002,15.195,26.520000000000007
2023-06-13,20.825000000000006,15.930000000000001,26.205000000000002
2023-06-14,21.620000000000005,15.535000000000002,27.37
2023-06-15,21.215000000000003,15.350000000000001,26.415000000000003
2023-06-16,21.650000000000006,15.040000000000001,27.380000000000006
2023-06-17,22.905000000000005,16.155000000000005,28.505000000000006
2023-06-18,21.37,17.670000000000005,25.505
2023-06-19,20.575000000000003,15.765000000000004,25.500000000000004
2023-06-20,21.385,17.220000000000002,26.205000000000002
2023-06-21,21.600000000000005,16.435000000000002,26.355000000000008
2023-06-22,20.560000000000002,17.910000000000004,23.795
2023-06-23,20.21,14.030000000000001,25.795000000000005
2023-06-24,22.365000000000002,16.025000000000002,28.25
2023-06-25,23.960000000000004,16.575000000000003,30.655
2023-06-26,20.775000000000006,16.425,24.67
2023-06-27,19.650000000000002,13.565000000000003,25.165000000000003
2023-06-28,20.605,14.510000000000002,25.965000000000003
2023-06-29,20.940000000000005,16.305000000000003,25.950000000000006
2023-06-30,18.135,14.72,21.430000000000007
2023-07-01,18.470000000000002,15.770000000000001,21.915000000000003
2023-07-02,18.595000000000002,14.66,22.560000000000002
2023-07-03,18.665000000000003,14.55,22.605000000000004
2023-07-04,18.315000000000005,13.080000000000002,23.510000000000005
2023-07-05,17.51,13.200000000000001,21.31
2023-07-06,19.035000000000004,12.3,25.120000000000005
2023-07-07,22.655000000000005,15.320000000000002,29.935000000000002
2023-07-08,24.310000000000006,17.835000000000004,30.245
2023-07-09,23.665000000000003,19.470000000000002,28.320000000000004
2023-07-10,22.94,16.76,28.76
2023-07-11,23.710000000000004,17.630000000000006,30.235000000000003
2023-07-12,20.400000000000006,16.6,24.340000000000003
2023-07-13,19.125000000000004,13.575000000000003,23.725
2023-07-14,21.76,14.315000000000001,29.335
2023-07-15,21.165000000000003,17.965000000000003,24.215000000000007
2023-07-16,19.305000000000003,14.540000000000001,23.530000000000005
2023-07-17,19.725000000000005,14.195000000000002,24.435000000000006
2023-07-18,22.495000000000005,15.790000000000001,29.275000000000002
2023-07-19,20.8,15.67,25.26
2023-07-20,19.680000000000003,13.980000000000002,24.650000000000006
2023-07-21,19.415000000000003,15.265,24.165000000000003
2023-07-22,19.150000000000002,12.470000000000002,25.265000000000004
2023-07-23,20.465000000000003,16.035000000000004,25.56
2023-07-24,20.195,16.785000000000004,24.525000000000006
2023-07-25,17.355000000000004,14.245000000000001,20.705000000000002
2023-07-26,17.310000000000002,11.705000000000002,22.370000000000005
2023-07-27,19.48,15.460000000000003,23.715
2023-07-28,20.300000000000004,17.205000000000002,24.830000000000002
2023-07-29,20.430000000000003,17.020000000000003,25.430000000000003
2023-07-30,18.490000000000006,14.385000000000002,22.650000000000002
2023-07-31,18.855000000000004,14.845,23.245000000000005
2023-08-01,19.005000000000003,15.575000000000001,22.205000000000005
2023-08-02,19.535000000000004,16.585,22.865000000000002
2023-08-03,17.235000000000003,15.205,20.12
2023-08-04,16.880000000000003,14.165000000000001,20.625000000000004
2023-08-05,16.060000000000002,11.590000000000002,20.825
2023-08-06,16.010000000000005,12.755,19.530000000000005
2023-08-07,16.125000000000004,10.790000000000001,21.195
2023-08-08,18.015000000000004,12.235000000000001,23.445000000000004
2023-08-09,19.645,14.250000000000002,25.400000000000006
2023-08-10,21.575000000000006,15.665000000000001,27.725000000000005
2023-08-11,22.075000000000006,16.690000000000005,27.455000000000002
2023-08-12,21.525000000000006,17.625000000000004,25.495
2023-08-13,20.485000000000003,16.255000000000003,25.105
2023-08-14,21.235000000000003,15.8,27.180000000000003
2023-08-15,21.060000000000006,17.185000000000002,25.1
2023-08-16,21.730000000000004,17.255000000000003,27.360000000000007
2023-08-17,23.130000000000006,18.150000000000002,28.695000000000004
2023-08-18,24.900000000000006,19.985000000000003,31.115
2023-08-19,24.640000000000004,19.760000000000005,29.255000000000003
2023-08-20,24.570000000000004,18.520000000000003,30.66
2023-08-21,24.740000000000006,18.880000000000003,30.620000000000008
2023-08-22,25.105000000000004,19.440000000000005,31.005000000000003
2023-08-23,25.875000000000007,19.505000000000003,32.65500000000001
2023-08-24,25.735,21.26,31.835
2023-08-25,21.515000000000004,17.905000000000005,25.225
2023-08-26,17.875000000000004,14.500000000000002,22.045000000000005
2023-08-27,16.685000000000006,12.965000000000002,20.370000000000005
2023-08-28,16.325000000000003,12.74,20.025000000000006
2023-08-29,15.97,11.460000000000003,20.110000000000003
2023-08-30,15.945000000000002,12.270000000000001,20.105000000000004
2023-08-31,16.025000000000002,11.930000000000001,20.410000000000004
2023-09-01,18.845000000000002,15.015000000000002,23.510000000000005
2023-09-02,20.675000000000004,15.88,26.375
2023-09-03,22.765000000000004,17.155000000000005,29.265
2023-09-04,24.130000000000003,18.275000000000002,30.845000000000002
2023-09-05,24.43,18.235000000000003,31.135
2023-09-06,23.905000000000005,18.130000000000003,30.185000000000006
2023-09-07,23.985000000000003,17.420000000000005,31.285
2023-09-08,24.395000000000007,17.930000000000003,31.025000000000002
2023-09-09,24.305000000000003,17.790000000000003,31.445000000000004
2023-09-10,24.200000000000003,18.125,30.53
2023-09-11,23.245,18.745000000000005,28.925
2023-09-12,19.940000000000005,16.710000000000004,24.295
2023-09-13,18.695000000000004,15.22,22.755000000000006
2023-09-14,18.720000000000002,13.995000000000001,23.94
2023-09-15,19.815,13.895000000000001,26.430000000000003
2023-09-16,20.155,16.87,25.435000000000002
2023-09-17,21.01,16.910000000000004,27.125000000000004
2023-09-18,18.840000000000003,15.420000000000002,22.865000000000002
2023-09-19,17.200000000000003,13.715000000000002,21.595000000000002
2023-09-20,18.775000000000002,14.67,23.865000000000006
2023-09-21,17.055000000000003,13.975000000000001,19.77
2023-09-22,14.040000000000001,11.200000000000001,17.990000000000002
2023-09-23,13.145000000000001,9.47,17.300000000000004
2023-09-24,13.665000000000001,7.94,19.990000000000002
2023-09-25,15.745000000000003,9.630000000000003,22.770000000000007
2023-09-26,17.465000000000003,11.775,24.155000000000005
2023-09-27,18.320000000000004,12.415000000000001,24.765
2023-09-28,18.665000000000003,13.575000000000001,23.460000000000004
2023-09-29,18.705000000000002,14.350000000000001,22.060000000000002
2023-09-30,16.820000000000004,11.97,21.995000000000005
2023-10-01,18.440000000000005,12.56,25.485
2023-10-02,20.3,13.675000000000002,27.205000000000002
2023-10-03,18.05,12.845,21.330000000000002
2023-10-04,13.565000000000001,8.83,18.495000000000005
2023-10-05,13.745,8.640000000000002,19.320000000000004
2023-10-06,14.160000000000002,8.315000000000001,21.060000000000002
2023-10-07,15.085000000000003,8.630000000000003,22.520000000000003
2023-10-08,17.360000000000003,10.885000000000002,25.330000000000005
2023-10-09,17.585000000000004,11.025,24.98
2023-10-10,17.575000000000003,11.015,25.470000000000002
2023-10-11,17.280000000000005,11.66,23.840000000000003
2023-10-12,18.515000000000004,15.060000000000004,23.165000000000003
2023-10-13,19.900000000000002,16.17,25.09
2023-10-14,14.925000000000002,10.845000000000002,19.820000000000004
2023-10-15,10.405000000000003,7.095000000000001,14.110000000000001
2023-10-16,10.135000000000002,5.69,15.360000000000001
2023-10-17,12.770000000000001,8.215000000000002,18.430000000000003
2023-10-18,16.000000000000004,13.085000000000003,20.270000000000007
2023-10-19,16.520000000000003,14.565000000000001,19.455000000000005
2023-10-20,14.575000000000003,12.990000000000002,16.745000000000005
2023-10-21,12.545,10.555000000000001,14.679999999999998
2023-10-22,11.930000000000001,8.505000000000003,15.510000000000002
2023-10-23,11.770000000000001,9.095000000000002,14.555000000000001
2023-10-24,12.290000000000001,9.535,15.250000000000002
2023-10-25,12.715,10.635000000000002,15.100000000000001
2023-10-26,12.800000000000002,10.905000000000001,14.780000000000001
2023-10-27,11.6,9.980000000000002,13.955
2023-10-28,12.030000000000001,9.425000000000002,15.175000000000002
2023-10-29,13.215000000000002,11.180000000000001,15.765
2023-10-30,12.140000000000002,9.465000000000002,14.620000000000003
2023-10-31,11.115,7.970000000000001,14.320000000000002
2023-11-01,11.675000000000002,9.785000000000002,14.83
2023-11-02,10.995000000000001,8.000000000000002,13.09
2023-11-03,7.660000000000001,5.255,10.465000000000002
2023-11-04,9.605000000000002,7.220000000000001,11.985000000000001
2023-11-05,10.425000000000002,8.700000000000001,12.595
2023-11-06,8.980000000000002,7.200000000000001,11.795000000000002
2023-11-07,8.110000000000001,5.42,11.530000000000001
2023-11-08,8.865000000000002,5.675000000000002,12.695
2023-11-09,9.465000000000002,7.705000000000001,11.485000000000001
2023-11-10,8.405000000000003,6.32,11.17
2023-11-11,7.48,4.460000000000001,10.55
2023-11-12,9.920000000000002,6.655000000000001,13.355000000000002
2023-11-13,13.370000000000001,10.775000000000002,15.935000000000002
2023-11-14,12.460000000000003,10.590000000000002,14.660000000000002
2023-11-15,10.465000000000002,8.345000000000002,12.81
2023-11-16,9.700000000000001,7.3950000000000005,12.42
2023-11-17,8.360000000000003,6.205000000000001,10.790000000000003
2023-11-18,9.630000000000003,6.63,13.265000000000002
2023-11-19,12.135000000000002,9.190000000000001,14.915000000000003
2023-11-20,10.340000000000002,8.585000000000003,12.5
2023-11-21,9.105000000000002,7.340000000000001,11.315000000000001
2023-11-22,7.255000000000001,3.8600000000000008,9.370000000000001
2023-11-23,7.175000000000001,3.035,10.445000000000002
2023-11-24,8.555000000000001,5.565000000000001,10.510000000000002
2023-11-25,3.7450000000000006,1.0250000000000001,6.845000000000001
2023-11-26,2.5350000000000006,-0.19999999999999987,5.95
2023-11-27,5.130000000000001,2.3200000000000007,8.46
2023-11-28,5.1000000000000005,1.6050000000000006,8.175000000000002
2023-11-29,2.9850000000000003,-0.09000000000000004,6.445000000000001
2023-11-30,4.895000000000001,2.5400000000000005,7.670000000000001
2023-12-01,4.105000000000001,0.9300000000000003,5.915000000000001
2023-12-02,-0.47500000000000003,-3.7750000000000004,2.8100000000000005
2023-12-03,0.6400000000000001,-3.2750000000000004,4.280000000000001
2023-12-04,5.36,1.6099999999999999,8.450000000000003
2023-12-05,5.785,3.6200000000000006,7.925000000000001
2023-12-06,3.42,-0.3050000000000001,6.135000000000001
2023-12-07,3.8250000000000006,1.5099999999999998,6.455000000000001
2023-12-08,7.235000000000001,5.44,9.555000000000001
2023-12-09,8.545000000000002,5.8950000000000005,12.120000000000001
2023-12-10,9.09,6.305000000000001,12.48
2023-12-11,10.895000000000001,9.315000000000001,12.56
2023-12-12,10.535,8.820000000000002,12.455000000000002
2023-12-13,8.250000000000002,6.3950000000000005,9.895000000000001
2023-12-14,6.405000000000001,4.910000000000001,7.64
2023-12-15,6.390000000000001,3.5050000000000003,8.850000000000001
2023-12-16,4.185000000000001,1.0450000000000002,8.010000000000002
2023-12-17,2.4200000000000004,-0.81,7.005000000000001
2023-12-18,2.27,-0.47000000000000003,6.370000000000001
2023-12-19,4.380000000000002,1.635,7.880000000000001
2023-12-20,6.435000000000001,4.220000000000001,8.215000000000002
2023-12-21,8.965000000000002,7.030000000000001,10.660000000000002
2023-12-22,9.245000000000001,7.765000000000001,10.595
2023-12-23,8.38,7.230000000000001,10.125000000000002
2023-12-24,8.895000000000001,7.090000000000002,11.170000000000002
2023-12-25,8.550000000000002,6.960000000000001,10.700000000000001
2023-12-26,7.535000000000001,6.0200000000000005,9.63
2023-12-27,7.195000000000002,4.565000000000001,10.655000000000001
2023-12-28,8.625000000000002,6.91,10.585000000000003
2023-12-29,8.760000000000002,6.920000000000001,11.145
2023-12-30,8.330000000000002,6.250000000000001,10.99
2023-12-31,8.000000000000002,5.695,9.970000000000002
2024-01-01,6.560000000000001,4.12,9.195000000000002
2024-01-02,8.880000000000003,7.015000000000001,10.250000000000002
2024-01-03,8.965000000000002,7.43,10.74
2024-01-04,7.845000000000001,5.530000000000001,10.530000000000001
2024-01-05,6.550000000000002,3.8250000000000006,8.750000000000002
2024-01-06,4.250000000000001,2.5450000000000004,6.500000000000001
2024-01-07,3.440000000000001,2.055,4.930000000000001
2024-01-08,-0.33499999999999985,-2.6200000000000006,2.1750000000000003
2024-01-09,-1.9200000000000004,-3.460000000000001,0.055000000000000056
2024-01-10,-1.2300000000000002,-3.1350000000000002,1.66
2024-01-11,-0.16500000000000006,-2.7400000000000007,3.9550000000000005
2024-01-12,0.13500000000000004,-2.72,2.805
2024-01-13,-1.055,-2.6,1.6150000000000004
2024-01-14,-0.8649999999999999,-2.89,2.6250000000000004
2024-01-15,1.0750000000000004,-2.7250000000000005,5.205000000000001
2024-01-16,0.33500000000000024,-2.6550000000000007,4.700000000000001
2024-01-17,5.6450000000000005,1.6000000000000003,10.740000000000002
2024-01-18,3.095,-1.4549999999999998,6.055000000000001
2024-01-19,-0.9600000000000001,-3.565000000000001,2.7400000000000007
2024-01-20,-2.1300000000000003,-5.390000000000001,3.0200000000000005
2024-01-21,2.5050000000000003,-2.4550000000000005,7.715000000000001
2024-01-22,7.7700000000000005,5.09,10.235000000000001
2024-01-23,7.9,4.735,11.355000000000002
2024-01-24,11.06,8.895000000000001,13.5
2024-01-25,10.255000000000003,8.820000000000002,12.625000000000002
2024-01-26,8.650000000000002,2.9900000000000007,11.23
2024-01-27,4.660000000000001,1.5450000000000002,9.460000000000003
2024-01-28,6.4,1.9400000000000002,12.700000000000001
2024-01-29,8.285,4.735000000000001,12.925
2024-01-30,8.725000000000001,5.355,12.460000000000003
2024-01-31,6.910000000000001,3.2650000000000006,11.540000000000001
2024-02-01,8.270000000000001,4.585000000000001,11.125
2024-02-02,7.105,3.9600000000000004,10.095
2024-02-03,7.545000000000001,5.745,10.035000000000002
2024-02-04,7.225000000000001,5.745000000000001,9.680000000000001
2024-02-05,6.525,4.670000000000001,8.890000000000002
2024-02-06,7.415,5.255000000000002,9.825000000000001
2024-02-07,9.465000000000002,7.560000000000001,11.700000000000001
2024-02-08,11.030000000000001,8.940000000000001,13.585
2024-02-09,10.925,9.180000000000001,12.795000000000002
2024-02-10,8.71,6.545000000000001,10.080000000000004
2024-02-11,7.525000000000001,5.095,10.38
2024-02-12,5.815000000000001,2.9400000000000004,9.120000000000001
2024-02-13,5.8950000000000005,1.7050000000000003,10.795
2024-02-14,10.485000000000001,7.530000000000001,14.610000000000001
2024-02-15,11.570000000000002,8.090000000000002,16.295
2024-02-16,11.145000000000001,7.390000000000001,13.435
2024-02-17,8.420000000000002,4.765000000000001,12.440000000000003
2024-02-18,8.335000000000003,5.0600000000000005,12.135000000000002
2024-02-19,9.855000000000002,8.260000000000002,11.860000000000001
2024-02-20,8.420000000000002,6.94,10.755
2024-02-21,8.480000000000002,5.570000000000001,12.335000000000003
2024-02-22,9.975000000000001,5.945000000000001,12.73
2024-02-23,5.405000000000001,3.1650000000000005,8.415000000000001
2024-02-24,4.38,1.7100000000000002,8.385000000000002
2024-02-25,5.930000000000001,2.8150000000000004,9.700000000000001
2024-02-26,7.86,6.105000000000001,10.320000000000002
2024-02-27,6.59,4.090000000000001,9.725000000000001
2024-02-28,5.48,0.77,9.915000000000001
2024-02-29,7.855,4.005000000000001,11.945000000000002
2024-03-01,7.120000000000001,3.895,10.105000000000002
2024-03-02,7.535000000000001,5.025,11.035000000000004
2024-03-03,6.075000000000001,2.880000000000001,9.525000000000002
2024-03-04,5.060000000000001,0.5599999999999999,9.925000000000002
2024-03-05,6.140000000000001,3.525000000000001,9.735000000000001
2024-03-06,5.530000000000001,1.9200000000000002,9.775000000000002
2024-03-07,7.025000000000001,2.4550000000000005,12.650000000000002
2024-03-08,7.36,3.47,11.485
2024-03-09,8.340000000000002,5.475000000000001,12.065000000000001
2024-03-10,7.360000000000001,4.8950000000000005,11.105000000000002
2024-03-11,6.910000000000001,2.9000000000000004,11.550000000000002
2024-03-12,8.495000000000001,5.4750000000000005,11.915000000000003
2024-03-13,10.280000000000001,7.110000000000001,14.595000000000002
2024-03-14,10.845,5.550000000000001,16.98
2024-03-15,11.805000000000001,9.355,15.610000000000001
2024-03-16,11.31,8.175000000000002,14.530000000000003
2024-03-17,11.815000000000001,8.750000000000002,16.290000000000003
2024-03-18,12.255,8.315000000000001,15.905000000000001
2024-03-19,11.085000000000003,5.945,16.615000000000002
2024-03-20,12.600000000000003,7.205,19.295
2024-03-21,12.67,7.575000000000001,18.495000000000005
2024-03-22,12.805000000000003,7.555000000000001,18.340000000000003
2024-03-23,8.175000000000002,5.390000000000001,11.795
2024-03-24,6.990000000000001,4.345000000000001,10.575000000000001
2024-03-25,7.635000000000001,2.2150000000000003,13.475000000000001
2024-03-26,8.71,5.955000000000001,10.895000000000001
2024-03-27,7.050000000000001,3.9800000000000004,10.64
2024-03-28,8.710000000000003,5.015000000000001,12.170000000000002
2024-03-29,10.680000000000001,8.410000000000002,13.440000000000001
2024-03-30,9.780000000000003,7.065,13.365
2024-03-31,9.760000000000002,7.1,14.0
2024-04-01,8.855000000000002,5.370000000000001,13.270000000000001
2024-04-02,9.865000000000002,6.32,13.905
2024-04-03,11.675000000000002,9.32,14.865
2024-04-04,13.190000000000001,10.325000000000003,17.185000000000002
2024-04-05,14.890000000000004,11.295000000000002,18.945000000000004
2024-04-06,16.890000000000004,12.165000000000001,22.680000000000003
2024-04-07,15.530000000000003,11.695000000000002,20.37
2024-04-08,14.680000000000001,8.795000000000002,21.340000000000003
2024-04-09,9.750000000000002,6.910000000000001,13.145000000000001
2024-04-10,9.145000000000001,4.920000000000001,13.510000000000002
2024-04-11,11.995000000000001,7.140000000000001,17.360000000000003
2024-04-12,14.325000000000001,8.120000000000001,20.825000000000003
2024-04-13,16.825000000000003,10.505,23.710000000000004
2024-04-14,15.72,10.175000000000002,21.310000000000006
2024-04-15,11.435,8.015000000000002,15.170000000000003
2024-04-16,9.085000000000003,6.630000000000002,12.21
2024-04-17,7.539999999999999,4.680000000000001,10.780000000000001
2024-04-18,7.03,3.0850000000000004,11.405000000000001
2024-04-19,8.295000000000002,3.5350000000000006,12.440000000000001
2024-04-20,7.625000000000002,4.5200000000000005,10.825000000000001
2024-04-21,6.500000000000001,3.24,10.180000000000003
2024-04-22,5.970000000000001,1.8950000000000002,10.105
2024-04-23,5.96,1.0100000000000002,10.645000000000001
2024-04-24,6.775,2.9800000000000004,10.265000000000002
2024-04-25,7.625000000000001,3.0350000000000006,11.835
2024-04-26,9.240000000000002,5.3100000000000005,13.750000000000002
2024-04-27,11.355,7.95,16.03
2024-04-28,11.540000000000001,8.570000000000002,14.650000000000002
2024-04-29,11.225000000000003,6.070000000000001,16.195000000000004
2024-04-30,13.17,8.340000000000002,18.225000000000005
2024-05-01,12.385000000000003,8.96,16.725
2024-05-02,10.670000000000002,8.835,13.230000000000002
2024-05-03,10.460000000000003,6.320000000000001,14.675000000000002
2024-05-04,10.670000000000003,6.69,14.265
2024-05-05,13.495000000000003,10.180000000000001,17.51
2024-05-06,12.210000000000003,9.475000000000001,15.065000000000001
2024-05-07,12.505,8.155000000000001,17.135
2024-05-08,13.565000000000003,9.030000000000003,18.220000000000002
2024-05-09,14.035000000000002,8.320000000000002,19.740000000000006
2024-05-10,16.370000000000005,10.275,22.610000000000003
2024-05-11,17.865000000000002,11.655000000000001,24.020000000000003
2024-05-12,17.120000000000005,13.005,22.235000000000003
2024-05-13,16.000000000000004,11.670000000000002,20.735000000000003
2024-05-14,14.705,12.640000000000002,17.750000000000004
2024-05-15,13.290000000000001,10.615000000000002,16.975000000000005
2024-05-16,12.395000000000001,9.46,15.965000000000002
2024-05-17,12.820000000000002,8.840000000000002,17.255000000000003
2024-05-18,14.030000000000001,8.9,18.815
2024-05-19,14.475000000000003,9.755000000000003,19.210000000000004
2024-05-20,14.875,10.570000000000002,19.71
2024-05-21,14.495000000000003,11.63,18.355000000000004
2024-05-22,14.22,11.255,18.200000000000003
2024-05-23,13.530000000000001,9.570000000000002,17.98
2024-05-24,13.71,9.315000000000001,17.930000000000003
2024-05-25,14.720000000000002,9.22,20.065000000000005
2024-05-26,16.01,12.565000000000001,19.455000000000002
2024-05-27,14.090000000000002,10.72,17.17
2024-05-28,14.105000000000002,9.57,17.725000000000005
2024-05-29,14.810000000000004,12.805000000000001,17.14
2024-05-30,14.300000000000002,11.790000000000003,17.41
2024-05-31,13.445000000000002,10.285,17.26
2024-06-01,13.660000000000002,10.405000000000003,16.535000000000004
2024-06-02,14.825000000000001,12.325000000000001,17.900000000000002
2024-06-03,15.290000000000001,10.915000000000001,19.830000000000002
2024-06-04,16.125000000000004,10.225000000000001,21.200000000000003
2024-06-05,16.505000000000006,11.785000000000002,20.955000000000005
2024-06-06,15.895000000000005,10.085000000000003,21.520000000000003
2024-06-07,16.290000000000003,10.525000000000002,21.525000000000002
2024-06-08,17.200000000000003,11.25,22.920000000000005
2024-06-09,16.080000000000002,11.810000000000002,20.730000000000004
2024-06-10,13.975000000000001,9.39,18.070000000000004
2024-06-11,12.81,7.635000000000001,17.460000000000004
2024-06-12,13.085000000000003,7.795000000000001,17.795000000000005
2024-06-13,14.000000000000002,6.995000000000001,19.545000000000005
2024-06-14,15.959999999999999,12.920000000000002,20.51
2024-06-15,14.55,11.450000000000001,17.735000000000003
2024-06-16,15.48,11.865000000000002,19.05
2024-06-17,17.450000000000003,12.805000000000001,22.165000000000003
2024-06-18,19.555000000000003,14.655,24.610000000000003
2024-06-19,18.855,15.475000000000001,22.525000000000006
2024-06-20,18.535,15.155000000000003,22.775000000000002
2024-06-21,18.000000000000004,14.960000000000003,21.615000000000002
2024-06-22,15.855,13.400000000000002,18.980000000000004
2024-06-23,16.595000000000002,11.365000000000002,21.675
2024-06-24,19.430000000000003,13.500000000000002,24.705000000000005
2024-06-25,21.715000000000007,15.965000000000002,27.485000000000003
2024-06-26,22.96,17.385,28.345
2024-06-27,22.585000000000004,17.825000000000003,27.340000000000007
2024-06-28,20.125000000000004,15.180000000000003,24.505000000000006
2024-06-29,19.325000000000006,14.980000000000002,24.680000000000003
2024-06-30,17.990000000000002,14.600000000000001,22.195000000000004
2024-07-01,17.265000000000004,13.01,20.665000000000003
2024-07-02,15.645000000000001,12.690000000000001,18.94
2024-07-03,15.54,12.175,19.135
2024-07-04,17.400000000000002,14.085000000000003,21.195000000000004
2024-07-05,17.965000000000003,11.595000000000002,23.935000000000002
2024-07-06,17.510000000000005,13.685,20.185000000000002
2024-07-07,15.345000000000002,9.985000000000001,19.800000000000004
2024-07-08,17.995000000000005,11.315000000000001,24.725000000000005
2024-07-09,21.395000000000007,16.855,26.77
2024-07-10,20.57,16.950000000000003,24.615000000000006
2024-07-11,20.265000000000004,16.0,25.17
2024-07-12,18.100000000000005,14.190000000000001,21.655
2024-07-13,16.235000000000003,11.17,20.935000000000002
2024-07-14,18.025000000000002,12.08,23.490000000000002
2024-07-15,19.96,14.555000000000001,26.06
2024-07-16,19.090000000000003,15.535000000000002,22.720000000000002
2024-07-17,19.000000000000004,12.705000000000002,24.64
2024-07-18,22.350000000000005,15.515,29.255000000000003
2024-07-19,23.960000000000004,17.930000000000003,29.805
2024-07-20,23.230000000000004,17.995,29.230000000000004
2024-07-21,20.160000000000004,17.335000000000004,23.770000000000003
2024-07-22,18.640000000000004,14.370000000000003,22.044999999999998
2024-07-23,19.650000000000002,15.845000000000002,23.300000000000004
2024-07-24,19.270000000000007,14.47,23.720000000000002
2024-07-25,20.295000000000005,14.195000000000002,25.655000000000005
2024-07-26,21.190000000000005,17.175,25.555000000000003
2024-07-27,20.280000000000005,16.825000000000003,23.300000000000004
2024-07-28,20.810000000000002,14.285000000000002,26.710000000000004
2024-07-29,24.430000000000003,18.265000000000004,31.395000000000007
2024-07-30,26.490000000000006,20.34,33.285000000000004
2024-07-31,25.735000000000003,20.925,32.45000000000001
2024-08-01,24.105000000000004,19.740000000000006,28.98
2024-08-02,22.12,17.945000000000004,27.220000000000006
2024-08-03,20.080000000000002,15.51,24.205000000000002
2024-08-04,19.965000000000007,16.165000000000003,23.860000000000003
2024-08-05,20.890000000000004,14.525000000000002,27.095000000000002
2024-08-06,21.95,16.435000000000002,27.09
2024-08-07,20.305000000000003,15.355000000000002,24.295
2024-08-08,20.385,14.690000000000001,25.945000000000004
2024-08-09,21.640000000000004,16.895000000000003,26.565
2024-08-10,22.710000000000004,16.435000000000002,28.960000000000004
2024-08-11,25.345000000000002,18.555000000000003,32.505
2024-08-12,26.355,21.030000000000005,32.540000000000006
2024-08-13,23.240000000000006,19.425000000000004,27.340000000000007
2024-08-14,20.205000000000002,17.080000000000002,23.675
2024-08-15,20.665000000000006,15.745,25.515000000000004
2024-08-16,20.925000000000008,16.595000000000002,25.85
2024-08-17,20.035000000000004,17.395000000000007,22.805000000000003
2024-08-18,18.265000000000004,14.945,21.93
2024-08-19,17.805000000000003,12.150000000000002,23.110000000000003
2024-08-20,18.775000000000002,13.585000000000003,23.735000000000003
2024-08-21,17.12,12.21,21.395000000000003
2024-08-22,17.875000000000004,10.945,24.585000000000004
2024-08-23,19.910000000000004,15.085,24.485000000000003
2024-08-24,21.495000000000005,16.19,28.050000000000004
2024-08-25,16.685000000000006,12.05,20.790000000000003
2024-08-26,17.000000000000004,10.940000000000001,22.585
2024-08-27,19.405000000000005,12.8,26.655000000000005
2024-08-28,22.130000000000003,15.255000000000003,29.825000000000006
2024-08-29,21.62,16.935000000000002,26.545
2024-08-30,20.885,17.03,25.155000000000005
2024-08-31,22.385,17.435000000000002,28.27
2024-09-01,22.360000000000007,18.275000000000002,27.360000000000003
2024-09-02,20.75,16.800000000000004,25.050000000000004
2024-09-03,19.325000000000003,16.225,22.8
2024-09-04,17.680000000000003,14.175,21.45
2024-09-05,16.740000000000006,14.295,21.080000000000002
2024-09-06,17.100000000000005,12.67,22.345000000000002
2024-09-07,18.605000000000004,15.020000000000001,23.195000000000004
2024-09-08,16.430000000000003,13.55,20.01
2024-09-09,16.560000000000002,14.160000000000002,20.030000000000005
2024-09-10,14.790000000000001,11.73,17.675
2024-09-11,14.335000000000003,10.9,16.710000000000004
2024-09-12,11.360000000000001,8.205000000000002,15.450000000000003
2024-09-13,10.960000000000003,6.95,15.55
2024-09-14,11.475000000000001,7.115,16.550000000000004
2024-09-15,12.32,6.985,18.270000000000003
2024-09-16,14.115000000000002,9.33,18.905000000000005
2024-09-17,15.610000000000001,11.930000000000001,19.75
2024-09-18,17.160000000000004,12.805000000000001,22.015000000000004
2024-09-19,17.875000000000004,13.480000000000002,23.07
2024-09-20,16.840000000000003,12.75,22.345000000000002
2024-09-21,17.615000000000002,12.940000000000001,22.855
2024-09-22,16.98,14.760000000000002,19.725
2024-09-23,15.175000000000002,12.955000000000002,18.495
2024-09-24,14.505,12.595,17.590000000000003
2024-09-25,14.820000000000002,12.31,17.485000000000003
2024-09-26,16.205000000000002,13.815000000000003,18.240000000000002
2024-09-27,12.875,10.505000000000003,15.92
2024-09-28,10.845,7.7250000000000005,14.320000000000002
2024-09-29,10.340000000000002,5.945000000000001,15.205
2024-09-30,14.445000000000002,11.665000000000003,17.385
2024-10-01,14.140000000000002,11.33,17.990000000000002
2024-10-02,12.66,9.955,15.785000000000002
2024-10-03,11.795,9.255,14.685
2024-10-04,10.315000000000001,6.445,14.905000000000001
2024-10-05,10.715000000000002,5.930000000000001,16.090000000000003
2024-10-06,13.385000000000002,9.670000000000002,17.925
2024-10-07,15.600000000000001,13.460000000000003,18.935000000000006
2024-10-08,15.125000000000002,13.010000000000002,18.065000000000005
2024-10-09,15.065000000000001,12.615000000000002,18.155
2024-10-10,13.315000000000001,10.795000000000002,16.780000000000005
2024-10-11,10.855,7.505,14.735000000000003
2024-10-12,12.780000000000001,8.450000000000001,17.130000000000003
2024-10-13,13.670000000000002,9.240000000000002,17.590000000000003
2024-10-14,15.190000000000001,11.090000000000002,20.510000000000005
2024-10-15,16.545000000000005,13.185,20.75
2024-10-16,18.195000000000004,15.530000000000001,22.540000000000003
2024-10-17,16.225,14.360000000000001,18.235
2024-10-18,13.830000000000002,11.110000000000001,16.390000000000004
2024-10-19,13.375000000000002,10.265,16.710000000000004
2024-10-20,14.47,10.635000000000002,18.615000000000006
2024-10-21,16.135,11.695000000000002,20.66
2024-10-22,12.730000000000002,9.075000000000001,16.985000000000003
2024-10-23,11.375000000000002,7.550000000000002,16.570000000000004
2024-10-24,12.805000000000001,8.030000000000001,18.890000000000004
2024-10-25,14.695000000000002,12.735000000000001,17.885
2024-10-26,13.865,12.225,16.44
2024-10-27,14.185000000000002,11.675,17.705000000000002
2024-10-28,13.105,9.760000000000002,18.025000000000002
2024-10-29,12.870000000000001,9.490000000000002,17.175
2024-10-30,13.530000000000003,10.865000000000002,17.185000000000002
2024-10-31,12.845000000000002,9.900000000000002,16.77
2024-11-01,12.235000000000001,10.335000000000003,15.375000000000002
2024-11-02,11.39,9.050000000000002,14.21
2024-11-03,10.575000000000003,7.235,14.650000000000002
2024-11-04,10.770000000000001,8.07,14.94
2024-11-05,12.145000000000001,9.355000000000002,16.050000000000004
2024-11-06,11.81,9.995000000000003,14.74
2024-11-07,11.05,8.88,13.835000000000003
2024-11-08,11.000000000000002,8.920000000000002,14.195
2024-11-09,11.350000000000003,8.520000000000001,15.215
2024-11-10,10.940000000000001,9.040000000000001,13.260000000000002
2024-11-11,9.675000000000002,7.275000000000001,12.525000000000002
2024-11-12,7.945,6.330000000000001,10.245000000000001
2024-11-13,6.895000000000001,4.420000000000001,9.56
2024-11-14,7.040000000000001,3.9050000000000002,11.240000000000002
2024-11-15,7.670000000000001,4.720000000000001,11.065000000000001
2024-11-16,5.7700000000000005,2.1150000000000007,10.73
2024-11-17,6.090000000000001,2.9450000000000007,8.920000000000002
2024-11-18,7.99,5.795000000000001,10.210000000000003
2024-11-19,9.715000000000003,6.5200000000000005,12.09
2024-11-20,5.450000000000001,2.7950000000000004,8.545000000000002
2024-11-21,2.7300000000000004,0.4550000000000001,4.810000000000001
2024-11-22,1.2400000000000004,-2.4200000000000004,4.175000000000002
2024-11-23,4.165000000000001,-0.37,10.055000000000001
2024-11-24,12.970000000000002,9.135000000000003,16.720000000000002
2024-11-25,12.855000000000002,8.570000000000002,16.695000000000004
2024-11-26,8.585000000000003,6.49,11.440000000000001
2024-11-27,9.770000000000001,6.875000000000001,13.425000000000002
2024-11-28,7.430000000000001,4.120000000000001,11.680000000000001
2024-11-29,5.690000000000001,2.8350000000000004,10.270000000000003
2024-11-30,4.855000000000001,1.8750000000000002,9.815000000000001
2024-12-01,7.47,3.3400000000000003,12.485000000000001
2024-12-02,9.22,6.125,12.000000000000002
2024-12-03,5.495,3.615,8.180000000000001
2024-12-04,3.7950000000000004,1.6250000000000002,6.8950000000000005
2024-12-05,5.855000000000001,2.0900000000000003,10.485000000000001
2024-12-06,8.785000000000002,5.855000000000001,12.325000000000001
2024-12-07,7.745000000000001,4.95,10.765000000000002
2024-12-08,5.7700000000000005,4.030000000000001,7.395000000000001
2024-12-09,5.335000000000001,4.220000000000001,6.385000000000001
2024-12-10,4.400000000000001,2.9400000000000004,5.965000000000001
2024-12-11,4.035000000000001,2.600000000000001,5.920000000000001
2024-12-12,2.9250000000000003,1.0000000000000002,5.740000000000001
2024-12-13,2.395,0.22500000000000006,5.345000000000001
2024-12-14,2.2650000000000006,-0.6950000000000002,5.000000000000001
2024-12-15,4.545000000000001,1.2450000000000003,7.810000000000001
2024-12-16,6.705000000000001,4.865,9.095000000000002
2024-12-17,5.905,3.7600000000000002,8.570000000000002
2024-12-18,9.115,5.04,12.955000000000002
2024-12-19,8.3,3.9600000000000004,11.965
2024-12-20,3.8550000000000004,0.935,6.575000000000001
2024-12-21,7.1000000000000005,4.8950000000000005,9.715000000000002
2024-12-22,6.755000000000002,3.625,10.310000000000002
2024-12-23,5.045000000000001,2.5700000000000007,6.920000000000001
2024-12-24,5.795000000000001,3.315,8.305000000000001
2024-12-25,7.315000000000001,5.485000000000001,9.760000000000002
2024-12-26,5.2700000000000005,2.5150000000000006,8.580000000000002
2024-12-27,2.2000000000000006,-0.2950000000000001,6.5600000000000005
2024-12-28,1.5000000000000002,-0.8150000000000001,5.510000000000001
2024-12-29,1.3700000000000003,-0.29,4.290000000000001
2024-12-30,0.9500000000000001,-0.32,2.47
2024-12-31,1.0750000000000002,-1.1450000000000002,3.985
2025-01-01,3.88,0.7699999999999999,7.550000000000001
2025-01-02,4.6450000000000005,1.97,8.365000000000002
2025-01-03,1.6800000000000002,-1.0700000000000003,4.430000000000001
2025-01-04,1.3950000000000002,-1.3550000000000006,4.725000000000001
2025-01-05,8.960000000000003,4.200000000000001,12.135000000000002
2025-01-06,9.370000000000003,5.490000000000001,12.090000000000002
2025-01-07,5.105000000000001,2.785,7.94
2025-01-08,7.085000000000001,4.010000000000001,11.8
2025-01-09,7.235,2.8200000000000007,10.915000000000001
2025-01-10,3.865,1.7,6.295000000000001
2025-01-11,2.0150000000000006,-1.5600000000000003,4.770000000000001
2025-01-12,-0.10499999999999994,-2.875,3.7950000000000004
2025-01-13,-0.7250000000000002,-2.9600000000000004,3.0450000000000004
2025-01-14,-1.4900000000000002,-4.520000000000001,4.4750000000000005
2025-01-15,1.1900000000000002,-3.3650000000000007,6.025000000000001
2025-01-16,2.72,0.18500000000000005,6.060000000000001
2025-01-17,0.8700000000000002,-1.685,5.845000000000001
2025-01-18,-0.04500000000000005,-2.0400000000000005,2.82
2025-01-19,0.13500000000000004,-2.270000000000001,3.6550000000000007
2025-01-20,1.0800000000000003,-1.5600000000000003,5.305000000000001
2025-01-21,3.0500000000000007,-0.9050000000000002,8.770000000000001
2025-01-22,6.100000000000001,3.8500000000000005,9.535000000000002
2025-01-23,6.2250000000000005,3.2400000000000007,9.3
2025-01-24,7.98,4.640000000000001,11.56
2025-01-25,9.450000000000001,6.03,12.345000000000002
2025-01-26,5.655000000000001,1.2200000000000002,9.670000000000002
2025-01-27,9.295000000000002,7.615000000000001,11.610000000000003
2025-01-28,7.300000000000001,5.465000000000001,9.915000000000001
2025-01-29,6.7700000000000005,4.3500000000000005,9.22
2025-01-30,6.505000000000001,3.4100000000000006,9.595000000000002
2025-01-31,3.3800000000000003,0.5750000000000003,6.2700000000000005
2025-02-01,2.56,-0.28500000000000003,6.540000000000001
2025-02-02,1.6900000000000002,-1.78,7.19
2025-02-03,1.4350000000000003,-1.7000000000000004,7.125000000000001
2025-02-04,1.7250000000000003,-1.7050000000000003,6.7250000000000005
2025-02-05,2.960000000000001,-0.4200000000000001,8.005000000000003
2025-02-06,3.1950000000000003,0.3500000000000001,5.9750000000000005
2025-02-07,3.5450000000000004,0.5700000000000001,7.3950000000000005
2025-02-08,4.200000000000001,1.8300000000000003,7.385000000000001
2025-02-09,3.61,0.5450000000000002,7.4750000000000005
2025-02-10,5.730000000000001,4.175000000000002,8.000000000000002
2025-02-11,5.025000000000001,3.025000000000001,8.315000000000003
2025-02-12,6.3,4.365000000000001,9.285000000000002
2025-02-13,5.8450000000000015,3.97,8.400000000000002
2025-02-14,3.7750000000000004,0.9200000000000002,6.735
2025-02-15,2.0900000000000007,-2.0100000000000002,7.6800000000000015
2025-02-16,3.4600000000000004,-0.2749999999999998,9.095000000000002
2025-02-17,3.8600000000000003,-0.014999999999999904,9.335
2025-02-18,4.290000000000001,-0.16499999999999998,10.57
2025-02-19,6.715000000000001,2.4250000000000007,12.375000000000002
2025-02-20,9.815000000000001,5.570000000000001,14.860000000000001
2025-02-21,11.290000000000003,8.575000000000001,15.055000000000001
2025-02-22,10.395000000000001,6.880000000000001,13.07
2025-02-23,8.370000000000003,4.175000000000001,13.515000000000002
2025-02-24,9.645000000000001,6.615,13.465000000000002
2025-02-25,8.360000000000001,5.870000000000001,10.425000000000002
2025-02-26,6.2700000000000005,3.1950000000000003,10.13
2025-02-27,6.010000000000001,2.7750000000000004,10.230000000000002
2025-02-28,4.825,1.5000000000000002,9.065000000000001
2025-03-01,4.090000000000001,1.0450000000000002,8.200000000000001
2025-03-02,5.135000000000001,0.48000000000000004,11.225000000000001
2025-03-03,6.080000000000001,0.5200000000000002,12.945000000000002
2025-03-04,7.415,2.1250000000000004,14.505
2025-03-05,8.620000000000003,2.515,16.685000000000002
2025-03-06,9.685000000000002,4.695000000000001,16.540000000000003
2025-03-07,11.070000000000002,6.950000000000001,16.595000000000002
2025-03-08,11.865000000000002,7.87,17.265
2025-03-09,10.955000000000002,7.605000000000002,15.48
2025-03-10,9.650000000000002,6.840000000000001,13.015
2025-03-11,8.240000000000002,4.5600000000000005,13.085000000000003
2025-03-12,6.045000000000001,3.685,9.035000000000002
2025-03-13,3.985,1.0000000000000002,7.495
2025-03-14,3.440000000000001,-0.39000000000000007,7.710000000000001
2025-03-15,3.9050000000000007,0.6700000000000002,7.495
2025-03-16,4.755000000000001,1.4700000000000004,8.500000000000002
2025-03-17,5.2700000000000005,0.4749999999999999,10.805000000000001
2025-03-18,6.82,1.2800000000000002,13.550000000000002
2025-03-19,9.81,4.975000000000001,15.935
2025-03-20,11.200000000000003,6.595000000000001,16.800000000000004
2025-03-21,12.755,9.115000000000002,17.190000000000005
2025-03-22,11.78,9.24,15.850000000000001
2025-03-23,9.425000000000002,6.330000000000001,13.445
2025-03-24,9.760000000000002,5.525000000000001,14.585000000000003
2025-03-25,9.760000000000002,6.255000000000001,14.010000000000002
2025-03-26,9.900000000000002,6.060000000000001,13.900000000000002
2025-03-27,9.31,4.840000000000001,14.770000000000003
2025-03-28,8.800000000000002,4.565000000000001,13.865000000000002
2025-03-29,8.225000000000001,4.930000000000001,12.280000000000001
2025-03-30,8.775000000000002,3.4000000000000004,14.695000000000002
2025-03-31,9.915000000000003,5.765000000000001,14.885000000000002
2025-04-01,9.240000000000002,4.985000000000001,14.125000000000002
2025-04-02,10.050000000000002,5.955,14.745000000000003
2025-04-03,12.595,7.83,18.065000000000005
2025-04-04,14.255,8.865000000000002,20.415000000000003
2025-04-05,14.900000000000002,9.445000000000002,21.46
2025-04-06,12.565000000000001,7.845000000000001,17.66
2025-04-07,10.370000000000003,4.815,16.665000000000003
2025-04-08,10.635000000000002,3.9050000000000002,17.980000000000004
2025-04-09,11.215000000000002,5.825,17.220000000000002
2025-04-10,11.250000000000002,6.085,17.025000000000002
2025-04-11,12.555000000000001,6.46,19.585000000000004
2025-04-12,13.155000000000003,8.48,18.605
2025-04-13,12.730000000000002,10.250000000000002,15.565000000000001
2025-04-14,12.195,6.825,17.875000000000004
2025-04-15,12.140000000000002,9.875000000000002,15.329999999999998
2025-04-16,9.210000000000003,6.295000000000002,12.710000000000003
2025-04-17,8.255000000000003,4.7250000000000005,11.950000000000001
2025-04-18,10.07,4.800000000000001,15.510000000000002
2025-04-19,12.200000000000001,7.620000000000002,17.245000000000005
2025-04-20,10.780000000000001,8.225000000000001,13.450000000000001
2025-04-21,11.285000000000002,8.675,14.905000000000003
2025-04-22,11.705000000000002,7.705000000000001,16.1
2025-04-23,10.595,8.215000000000002,13.620000000000001
2025-04-24,11.045000000000002,7.830000000000001,14.690000000000001
2025-04-25,11.620000000000003,7.315,16.26
2025-04-26,11.97,7.825000000000001,16.8
2025-04-27,13.485000000000001,8.975000000000001,18.700000000000006
2025-04-28,14.850000000000001,8.98,21.060000000000002
2025-04-29,16.400000000000002,10.635000000000002,22.675000000000008
2025-04-30,17.730000000000004,11.605000000000002,24.235000000000003
2025-05-01,18.445,11.975,24.630000000000006
2025-05-02,18.670000000000005,12.375000000000002,24.805000000000003
2025-05-03,17.85,13.89,23.355000000000004
2025-05-04,13.3,10.335000000000003,16.970000000000002
2025-05-05,10.340000000000002,7.025000000000001,13.250000000000002
2025-05-06,10.720000000000002,7.215000000000001,14.6
2025-05-07,11.035000000000002,7.210000000000001,14.670000000000002
2025-05-08,11.535,7.13,16.455000000000002
2025-05-09,12.825000000000001,7.445000000000001,18.3
2025-05-10,15.030000000000001,9.280000000000001,20.845000000000002
2025-05-11,15.110000000000001,10.815000000000001,20.160000000000007
2025-05-12,13.705,10.020000000000001,17.420000000000005
2025-05-13,14.65,8.415000000000001,20.125000000000004
2025-05-14,16.125000000000004,9.815000000000003,22.145000000000003
2025-05-15,14.810000000000002,9.500000000000002,19.650000000000002
2025-05-16,14.285,8.735000000000001,19.5
2025-05-17,13.670000000000002,7.785000000000001,18.720000000000002
2025-05-18,14.860000000000001,7.94,21.07
2025-05-19,15.780000000000003,9.890000000000002,21.925
2025-05-20,17.030000000000005,11.805000000000001,22.565000000000005
2025-05-21,14.14,11.085,18.100000000000005
2025-05-22,13.245000000000001,9.430000000000001,17.725000000000005
2025-05-23,12.975000000000003,8.295000000000002,17.545
2025-05-24,13.830000000000002,7.280000000000001,19.465000000000003
2025-05-25,15.695000000000002,11.88,19.845000000000002
2025-05-26,14.410000000000002,10.075000000000001,18.490000000000006
2025-05-27,15.510000000000003,10.810000000000002,19.595000000000002
2025-05-28,16.545000000000005,12.97,20.895
2025-05-29,17.35,11.065000000000001,23.110000000000003
2025-05-30,21.570000000000004,13.845,28.870000000000005
2025-05-31,22.220000000000006,16.560000000000002,28.335000000000004
2025-06-01,18.920000000000005,14.925000000000002,23.170000000000005
2025-06-02,17.255000000000003,13.305000000000001,21.245000000000005
2025-06-03,17.895000000000007,12.010000000000002,23.220000000000002
2025-06-04,16.500000000000004,14.035000000000002,19.760000000000005
2025-06-05,15.98,12.890000000000002,19.570000000000004
2025-06-06,16.975000000000005,14.085000000000003,20.945000000000004
2025-06-07,16.285,13.89,19.825000000000006
2025-06-08,15.55,12.145000000000001,19.080000000000002
2025-06-09,16.175000000000004,9.100000000000001,22.280000000000005
2025-06-10,18.775000000000002,11.455000000000002,25.655000000000005
2025-06-11,21.150000000000002,13.870000000000003,28.185000000000006
2025-06-12,22.945000000000004,17.005000000000006,28.85
2025-06-13,23.910000000000004,17.51,31.400000000000006
2025-06-14,22.165000000000003,18.32,26.300000000000008
2025-06-15,18.580000000000002,14.6,22.405000000000005
2025-06-16,17.92,11.325000000000003,23.385000000000005
2025-06-17,20.570000000000004,14.095000000000002,26.705000000000002
2025-06-18,21.970000000000002,14.69,28.380000000000003
2025-06-19,23.675,16.410000000000004,30.115000000000006
2025-06-20,24.280000000000005,17.740000000000006,30.280000000000005
2025-06-21,25.6,17.955000000000002,32.43500000000001
2025-06-22,24.395000000000003,18.985000000000003,29.670000000000005
2025-06-23,21.090000000000003,17.130000000000003,25.485000000000003
2025-06-24,21.720000000000006,13.765,28.910000000000004
2025-06-25,24.48,17.335000000000004,32.205000000000005
2025-06-26,21.570000000000004,17.755000000000003,25.435000000000002
2025-06-27,22.235,17.755000000000003,26.71
2025-06-28,24.235000000000003,17.455000000000002,30.215000000000003
2025-06-29,25.51,18.875000000000004,31.690000000000005
2025-06-30,27.330000000000005,20.300000000000004,34.06
2025-07-01,28.235000000000003,20.580000000000002,35.440000000000005
2025-07-02,25.210000000000004,19.570000000000004,31.425
2025-07-03,21.845000000000006,17.120000000000005,26.825000000000003
2025-07-04,21.810000000000002,15.300000000000002,27.66
2025-07-05,21.270000000000003,14.600000000000003,26.95
2025-07-06,18.265,15.665000000000001,21.405000000000005
2025-07-07,16.880000000000003,14.325000000000001,19.835000000000004
2025-07-08,16.285,11.815000000000001,20.910000000000004
2025-07-09,17.905000000000005,10.575000000000001,24.480000000000004
2025-07-10,20.950000000000003,13.495000000000003,27.580000000000002
2025-07-11,23.070000000000004,16.115000000000006,29.235000000000003
2025-07-12,23.365000000000006,16.765,29.135000000000005
2025-07-13,23.550000000000004,16.955000000000005,29.650000000000002
2025-07-14,22.040000000000003,17.845000000000002,26.295000000000005
2025-07-15,20.295000000000005,15.100000000000001,24.650000000000002
2025-07-16,19.880000000000003,16.040000000000003,23.525000000000002
2025-07-17,22.280000000000005,16.610000000000003,27.945000000000004
2025-07-18,23.855000000000004,18.330000000000002,30.550000000000004
2025-07-19,21.420000000000005,18.355000000000004,25.345000000000002
2025-07-20,20.155000000000005,17.370000000000005,24.185000000000002
2025-07-21,18.640000000000004,15.73,22.62
2025-07-22,18.565000000000005,15.39,22.205000000000002
2025-07-23,17.87,14.180000000000001,22.765000000000004
2025-07-24,17.845000000000002,14.125000000000002,22.285000000000004
2025-07-25,19.035,14.250000000000002,23.895000000000007
2025-07-26,19.860000000000003,14.88,24.740000000000006
2025-07-27,18.540000000000003,15.360000000000001,22.080000000000002
2025-07-28,17.925000000000004,13.930000000000001,21.690000000000005
2025-07-29,18.205000000000002,12.775,23.090000000000003
2025-07-30,19.085000000000004,14.87,23.485000000000003
2025-07-31,19.705000000000002,14.345,24.655000000000005
2025-08-01,19.34,15.470000000000002,23.545
2025-08-02,17.435000000000002,13.375000000000002,21.680000000000003
2025-08-03,17.825000000000006,11.180000000000001,23.640000000000004
2025-08-04,21.335,15.225000000000001,28.335
2025-08-05,20.475,15.365000000000002,24.930000000000003
2025-08-06,18.490000000000002,12.520000000000001,24.435000000000006
2025-08-07,21.135,13.050000000000002,28.84
2025-08-08,22.825000000000006,15.725000000000003,29.700000000000003
2025-08-09,23.485,16.765,30.130000000000006
2025-08-10,23.165000000000003,15.595000000000002,30.040000000000003
2025-08-11,25.365000000000006,17.575000000000003,33.36500000000001
2025-08-12,26.535,18.675000000000004,34.48500000000001
2025-08-13,26.640000000000004,19.890000000000004,33.465
2025-08-14,25.430000000000007,19.465000000000003,31.37
2025-08-15,25.855000000000004,18.840000000000003,32.70000000000001
2025-08-16,25.51,19.730000000000004,31.030000000000005
2025-08-17,23.065,17.115000000000002,28.765000000000004
2025-08-18,22.600000000000005,16.800000000000004,28.685000000000002
2025-08-19,21.745,17.820000000000004,26.25
2025-08-20,18.780000000000005,16.545000000000005,21.735000000000003
2025-08-21,18.390000000000004,15.195,22.405
2025-08-22,17.330000000000002,12.935,21.600000000000005
2025-08-23,17.200000000000003,11.305,23.070000000000004
2025-08-24,18.935000000000002,12.665000000000003,25.235000000000003
2025-08-25,20.175000000000004,13.240000000000002,27.37
2025-08-26,21.745,15.735,28.735
2025-08-27,20.270000000000003,16.290000000000003,24.380000000000003
2025-08-28,18.740000000000002,15.950000000000003,22.575000000000003
2025-08-29,16.370000000000005,13.615000000000002,20.19
2025-08-30,16.905,12.765000000000004,21.415000000000003
2025-08-31,18.530000000000005,15.365000000000004,22.695000000000004
2025-09-01,16.155,13.640000000000002,20.255000000000003
2025-09-02,15.785000000000002,12.42,20.475000000000005
2025-09-03,18.750000000000004,15.190000000000003,23.895000000000003
2025-09-04,16.94,14.340000000000002,20.150000000000002
2025-09-05,15.745000000000001,12.225000000000001,20.390000000000004
2025-09-06,17.665000000000006,11.675000000000002,24.765000000000004
2025-09-07,20.555000000000003,15.385000000000002,26.92
2025-09-08,18.880000000000003,15.855,22.71
2025-09-09,16.490000000000006,12.030000000000001,21.145000000000003
2025-09-10,15.89,11.92,20.235000000000003
2025-09-11,15.83,12.765,19.360000000000003
2025-09-12,14.955,11.315000000000001,19.370000000000005
2025-09-13,15.190000000000001,12.610000000000001,19.055000000000003
2025-09-14,16.630000000000003,13.390000000000002,21.190000000000005
2025-09-15,17.820000000000004,14.315000000000003,20.600000000000005
2025-09-16,14.985,11.635,18.645
2025-09-17,15.985000000000001,10.94,22.055000000000003
2025-09-18,17.715000000000003,11.595,24.815
2025-09-19,20.220000000000006,13.315000000000003,28.71
2025-09-20,20.665000000000003,16.615000000000002,26.060000000000006
2025-09-21,15.225,12.420000000000002,19.020000000000003
2025-09-22,12.515,10.32,15.385000000000003
2025-09-23,11.13,8.995000000000001,13.865000000000002
2025-09-24,11.035000000000002,9.360000000000001,13.305000000000001
2025-09-25,11.365000000000002,8.735000000000001,14.570000000000002
2025-09-26,11.385,9.000000000000002,13.85
2025-09-27,11.685,7.454999999999999,16.600000000000005
2025-09-28,13.070000000000002,8.65,18.495000000000005
2025-09-29,13.885000000000002,9.585,19.065000000000005
2025-09-30,13.355000000000002,9.200000000000001,18.175000000000004
2025-10-01,12.965000000000002,8.355000000000002,18.295
2025-10-02,12.255,7.505000000000001,17.910000000000004
2025-10-03,13.120000000000001,9.345000000000002,17.350000000000005
2025-10-04,14.350000000000001,10.41,17.620000000000005
2025-10-05,11.545000000000002,8.765,15.495
2025-10-06,11.395000000000001,7.200000000000001,15.530000000000001
2025-10-07,13.56,9.175000000000002,18.73
2025-10-08,13.63,9.235000000000001,18.730000000000004
2025-10-09,13.97,10.640000000000002,17.765
2025-10-10,13.015000000000002,9.57,17.455000000000002
2025-10-11,13.8,9.975000000000001,19.160000000000004
2025-10-12,13.470000000000002,9.455000000000002,19.310000000000002
2025-10-13,13.06,8.880000000000003,18.360000000000003
2025-10-14,13.235000000000001,10.185000000000002,17.995
2025-10-15,12.459999999999999,9.015,16.530000000000005
2025-10-16,12.135000000000002,9.100000000000001,16.14
2025-10-17,11.415000000000003,7.460000000000001,16.820000000000004
2025-10-18,11.195000000000002,7.045000000000002,16.930000000000003
2025-10-19,12.690000000000001,9.040000000000003,16.415000000000003
2025-10-20,14.220000000000002,12.63,16.430000000000003
2025-10-21,13.39,11.790000000000001,15.790000000000001
2025-10-22,14.235000000000003,12.730000000000002,16.515000000000004
2025-10-23,12.21,8.575000000000003,15.605
2025-10-24,8.970000000000002,6.385000000000001,12.260000000000003
2025-10-25,10.405000000000001,8.260000000000002,13.569999999999999
2025-10-26,8.560000000000002,5.800000000000002,11.38
2025-10-27,10.615,8.275000000000002,13.495000000000001
2025-10-28,11.685000000000002,9.205000000000002,14.600000000000001
2025-10-29,11.610000000000001,8.840000000000002,14.390000000000002
2025-10-30,11.065000000000001,7.920000000000001,14.420000000000003
2025-10-31,12.315000000000001,8.775000000000002,16.710000000000004
2025-11-01,13.670000000000002,11.465000000000002,15.560000000000002
2025-11-02,11.000000000000002,8.635000000000002,13.320000000000002
2025-11-03,10.665000000000003,7.69,14.665000000000001
2025-11-04,11.610000000000001,7.650000000000001,16.565
2025-11-05,13.215000000000002,9.955000000000002,17.455000000000005
2025-11-06,12.975000000000001,11.105000000000002,16.025000000000002
2025-11-07,11.710000000000003,9.170000000000002,15.180000000000001
2025-11-08,10.860000000000001,7.175000000000001,14.650000000000002
2025-11-09,8.975000000000003,6.785000000000001,11.940000000000001
2025-11-10,8.825000000000001,5.865000000000001,12.885
2025-11-11,10.660000000000002,7.710000000000001,15.715000000000003
2025-11-12,12.350000000000001,8.415000000000001,17.305000000000003
2025-11-13,14.750000000000004,12.135000000000002,18.53
2025-11-14,15.640000000000002,12.24,18.610000000000003
2025-11-15,12.260000000000002,9.835000000000003,14.980000000000002
2025-11-16,10.650000000000002,8.110000000000001,13.38
2025-11-17,7.565000000000001,3.4650000000000003,10.325000000000001
2025-11-18,2.805,-0.9100000000000001,6.2250000000000005
2025-11-19,3.8100000000000005,0.8249999999999998,6.425000000000001
2025-11-20,2.0100000000000002,-1.1300000000000001,4.750000000000001
2025-11-21,0.9900000000000001,-1.9500000000000002,4.4
2025-11-22,-0.3750000000000001,-3.33,3.4750000000000005
2025-11-23,2.9300000000000006,-0.48500000000000004,6.83
2025-11-24,6.885000000000001,4.960000000000001,9.090000000000002
2025-11-25,5.470000000000001,3.5850000000000004,7.69
2025-11-26,3.8100000000000005,1.725,7.090000000000001
2025-11-27,3.845,0.4249999999999999,7.105
2025-11-28,7.105,4.000000000000001,9.780000000000001
2025-11-29,8.695000000000002,6.575,11.67
2025-11-30,6.24,2.3350000000000004,9.600000000000001
2025-12-01,3.5300000000000007,0.305,7.070000000000001
2025-12-02,6.665000000000001,4.075000000000001,8.700000000000001
2025-12-03,6.240000000000001,5.245000000000001,8.200000000000001
2025-12-04,5.78,3.245,8.445000000000002
2025-12-05,4.530000000000001,1.6050000000000002,7.810000000000001
2025-12-06,8.640000000000002,6.03,11.470000000000002
2025-12-07,10.970000000000002,8.330000000000002,13.825000000000001
2025-12-08,11.850000000000001,9.485000000000001,14.660000000000002
2025-12-09,10.795000000000002,8.185000000000002,14.420000000000002
2025-12-10,10.595,8.110000000000001,12.435
2025-12-11,8.550000000000002,6.715000000000001,10.990000000000002
2025-12-12,9.155000000000001,7.085000000000001,12.130000000000003
2025-12-13,7.400000000000001,4.995000000000001,10.275
2025-12-14,6.6450000000000005,4.015000000000001,9.375000000000002
2025-12-15,7.825,4.5150000000000015,12.170000000000002
2025-12-16,9.245000000000001,6.690000000000001,12.595
2025-12-17,7.030000000000001,4.140000000000001,9.955
2025-12-18,9.860000000000001,6.55,13.46
2025-12-19,9.975000000000003,7.065,11.695000000000002
2025-12-20,8.495000000000003,6.315,11.200000000000003
2025-12-21,9.38,7.060000000000001,12.045000000000002
2025-12-22,6.630000000000001,4.470000000000001,8.8
2025-12-23,5.560000000000001,2.9550000000000005,7.995000000000001
2025-12-24,3.24,0.5300000000000001,5.03
2025-12-25,0.6600000000000003,-1.1400000000000003,3.3650000000000007
2025-12-26,1.3250000000000004,-1.3900000000000001,5.295
2025-12-27,2.1400000000000006,-0.2349999999999999,6.505000000000001
2025-12-28,2.0600000000000005,-0.4100000000000001,5.980000000000001
2025-12-29,0.3750000000000001,-2.4400000000000004,4.985
2025-12-30,1.34,-1.35,4.565
2025-12-31,-0.5750000000000002,-3.4050000000000002,3.8850000000000007
2026-01-01,-0.9000000000000002,-3.4,2.6950000000000003
2026-01-02,0.6849999999999999,-2.3400000000000007,4.155000000000001
2026-01-03,-0.9150000000000001,-2.710000000000001,2.8300000000000005
2026-01-04,-1.8000000000000003,-4.95,1.8150000000000002
2026-01-05,-2.7900000000000005,-5.480000000000001,0.5200000000000001
2026-01-06,-2.27,-4.965000000000001,1.2950000000000002
2026-01-07,-1.0250000000000001,-4.065,2.3550000000000004
2026-01-08,4.930000000000001,0.88,8.345
2026-01-09,5.195000000000001,2.535,8.170000000000002
2026-01-10,2.2750000000000004,-0.47500000000000003,5.57
2026-01-11,1.0000000000000002,-2.7100000000000004,4.890000000000001
2026-01-12,6.49,2.3400000000000003,9.745000000000003
2026-01-13,8.535000000000002,5.5600000000000005,11.840000000000002
2026-01-14,8.740000000000002,6.69,11.865000000000002
2026-01-15,9.010000000000002,6.735,11.950000000000003
2026-01-16,8.445000000000002,6.670000000000001,10.820000000000002
2026-01-17,7.880000000000001,5.485,10.570000000000002
2026-01-18,7.255000000000002,4.985000000000001,10.39
2026-01-19,6.285000000000001,4.340000000000001,9.605000000000002
2026-01-20,5.620000000000001,3.9549999999999996,8.265000000000002
2026-01-21,6.9750000000000005,4.490000000000001,10.315000000000003
2026-01-22,7.045000000000001,4.775,9.730000000000002
2026-01-23,5.69,3.975,8.515000000000002
2026-01-24,4.525,1.7800000000000002,8.13
2026-01-25,4.555000000000001,1.875,7.745000000000001
2026-01-26,4.5200000000000005,2.095,7.785000000000001
2026-01-27,5.855,2.995,8.780000000000001
2026-01-28,4.675000000000001,2.2950000000000004,7.7250000000000005
2026-01-29,4.295000000000001,1.6450000000000002,7.160000000000001
2026-01-30,6.435000000000001,4.09,10.47
2026-01-31,6.255,4.320000000000001,9.255
2026-02-01,6.49,3.615,9.605000000000002
2026-02-02,6.905,3.83,10.500000000000002
2026-02-03,7.610000000000001,5.325000000000001,10.310000000000002
2026-02-04,6.315,3.435,10.535000000000002
2026-02-05,7.860000000000001,5.445,11.240000000000002
2026-02-06,8.665000000000001,6.635000000000001,11.775000000000002
2026-02-07,7.795000000000001,4.845000000000001,11.850000000000001
2026-02-08,6.945000000000001,4.065,11.105
2026-02-09,6.21,2.8650000000000007,10.295000000000002
2026-02-10,9.235000000000003,6.835000000000001,11.695
2026-02-11,10.455,9.095,12.855000000000002
2026-02-12,9.085,7.250000000000001,10.785000000000002
2026-02-13,7.195,5.760000000000001,9.125000000000002
2026-02-14,5.275000000000001,2.45,7.580000000000001
2026-02-15,3.69,0.19500000000000003,8.825000000000003
2026-02-16,7.699999999999999,5.720000000000001,10.075000000000001
2026-02-17,5.995,2.9500000000000006,8.605
2026-02-18,6.7700000000000005,3.5150000000000006,10.775
2026-02-19,7.505,5.345000000000001,10.385000000000002
2026-02-20,7.840000000000001,5.595000000000001,10.455000000000002
2026-02-21,10.120000000000001,7.490000000000001,13.680000000000001
2026-02-22,10.165000000000001,8.055000000000001,13.035
2026-02-23,10.705000000000002,8.595000000000002,14.290000000000001
2026-02-24,11.885,8.995000000000001,16.605
2026-02-25,11.975,6.910000000000001,18.780000000000005
2026-02-26,10.995000000000001,6.665,16.530000000000005
2026-02-27,11.010000000000003,7.91,15.840000000000002
2026-02-28,9.525,6.400000000000001,12.660000000000002
2026-03-01,7.905000000000001,3.8450000000000006,12.865000000000002
2026-03-02,9.89,5.620000000000001,15.950000000000003
2026-03-03,10.82,5.565,17.360000000000003
2026-03-04,10.925,5.920000000000001,17.235000000000003
2026-03-05,11.510000000000002,6.500000000000001,17.485000000000003
2026-03-06,11.875000000000002,8.315000000000001,16.785000000000004
2026-03-07,11.855,8.475000000000001,16.720000000000002
2026-03-08,11.160000000000002,6.355,16.880000000000003
2026-03-09,10.595000000000004,6.745000000000001,15.365000000000002
2026-03-10,9.745000000000001,6.24,13.870000000000003
2026-03-11,9.47,6.69,12.145000000000001
2026-03-12,7.8100000000000005,3.2000000000000006,12.805
2026-03-13,8.9,4.890000000000001,12.845
2026-03-14,5.710000000000001,3.0500000000000003,9.040000000000003
2026-03-15,5.180000000000001,0.46000000000000013,10.47
2026-03-16,8.010000000000002,4.570000000000001,11.710000000000003
2026-03-17,9.780000000000003,4.295000000000001,16.240000000000002
2026-03-18,10.550000000000002,6.430000000000001,16.01
2026-03-19,10.365000000000002,5.865,15.920000000000003
2026-03-20,9.710000000000003,3.9800000000000004,16.160000000000004
2026-03-21,9.66,4.300000000000002,15.785000000000002
2026-03-22,8.440000000000003,4.260000000000001,13.020000000000003
2026-03-23,8.56,2.575,14.720000000000002
2026-03-24,9.65,3.51,15.745000000000001
2026-03-25,7.8500000000000005,4.170000000000001,11.415000000000001
2026-03-26,5.065,2.3250000000000006,8.72
2026-03-27,4.820000000000001,-0.24000000000000002,9.725000000000001
2026-03-28,6.200000000000001,2.99,9.610000000000001
2026-03-29,6.01,1.6450000000000002,10.440000000000001
2026-03-30,8.13,5.57,11.585000000000003
2026-03-31,7.600000000000001,3.47,11.350000000000001
2026-04-01,8.690000000000001,5.540000000000001,12.33
2026-04-02,8.415000000000003,4.130000000000002,12.885
2026-04-03,8.515000000000002,3.47,13.13
2026-04-04,12.795000000000002,9.190000000000001,17.430000000000003
2026-04-05,12.59,8.105,16.415000000000003
2026-04-06,12.410000000000002,5.415000000000001,19.92
2026-04-07,15.085000000000003,8.900000000000002,22.285000000000004
2026-04-08,16.060000000000002,8.97,24.045000000000005
2026-04-09,16.0,9.09,23.94
2026-04-10,13.03,8.360000000000001,17.820000000000004
2026-04-11,12.420000000000002,7.695,17.220000000000002
2026-04-12,8.525000000000002,4.94,11.905000000000001
2026-04-13,8.000000000000002,4.935000000000001,11.38
2026-04-14,9.545,3.4100000000000006,15.280000000000003
2026-04-15,12.060000000000002,6.72,17.67
2026-04-16,13.19,8.420000000000002,18.265
2026-04-17,14.67,8.765000000000002,20.715
2026-04-18,14.674999999999999,9.055000000000003,20.050000000000004
2026-04-19,13.320000000000002,8.685,18.045
2026-04-20,12.320000000000002,7.095000000000001,17.195000000000004
2026-04-21,11.9,6.1850000000000005,17.175000000000004
2026-04-22,13.030000000000003,8.330000000000002,18.335000000000004
2026-04-23,14.705000000000004,8.900000000000002,20.760000000000005
2026-04-24,15.120000000000001,8.150000000000002,21.945
2026-04-25,14.950000000000001,7.94,21.51
2026-04-26,15.375000000000002,8.895000000000001,21.745
2026-04-27,15.445000000000004,8.780000000000001,21.680000000000003
2026-04-28,14.854999999999999,9.790000000000001,20.120000000000008
2026-04-29,16.455000000000002,11.375000000000002,22.395000000000003
2026-04-30,16.230000000000004,11.485000000000001,21.145000000000003
2026-05-01,16.375000000000004,10.455000000000002,22.34
2026-05-02,16.555000000000003,11.71,22.360000000000003
2026-05-03,15.15,12.165000000000001,18.430000000000003
2026-05-04,13.295000000000002,10.945,16.325000000000003
2026-05-05,12.475000000000003,10.470000000000002,15.005
2026-05-06,11.350000000000001,9.125000000000002,14.115
2026-05-07,11.82,7.345000000000001,16.310000000000002
2026-05-08,13.940000000000001,8.085,19.435000000000002
2026-05-09,15.93,9.960000000000003,21.755000000000003
2026-05-10,14.67,12.180000000000001,18.335000000000004
2026-05-11,11.950000000000001,8.820000000000002,15.180000000000001
2026-05-12,10.485000000000003,6.3500000000000005,14.040000000000001
2026-05-13,11.120000000000001,8.395000000000001,14.635
2026-05-14,9.185,6.965000000000001,12.160000000000002
2026-05-15,8.510000000000002,4.3950000000000005,12.580000000000002
2026-05-16,9.480000000000002,4.935000000000001,13.745000000000001
2026-05-17,11.725000000000001,8.150000000000002,15.535000000000002
2026-05-18,11.555000000000001,8.105000000000002,15.315
2026-05-19,13.575000000000001,9.605000000000002,18.160000000000004
2026-05-20,15.275,11.530000000000003,19.220000000000002
2026-05-21,17.48,10.690000000000001,23.775000000000002
2026-05-22,20.270000000000003,12.660000000000002,27.205000000000005
2026-05-23,22.005000000000003,14.455000000000004,28.735000000000007
2026-05-24,23.515000000000004,16.890000000000004,29.525000000000002
2026-05-25,24.485000000000003,18.250000000000004,30.665000000000003
2026-05-26,24.610000000000003,17.745,31.120000000000005
2026-05-27,24.545000000000005,17.600000000000005,30.585
2026-05-28,24.035000000000004,17.910000000000004,30.180000000000003
2026-05-29,24.290000000000003,18.080000000000002,30.250000000000004
2026-05-30,23.375000000000004,17.435000000000006,29.055000000000003
2026-05-31,19.840000000000003,16.175000000000004,23.625000000000004
2026-06-01,18.965000000000003,13.42,23.915000000000006
2026-06-02,17.065,13.99,20.735000000000003
2026-06-03,15.9,12.570000000000002,19.675
2026-06-04,15.045,12.070000000000002,17.635
2026-06-05,13.975000000000003,9.955000000000002,17.905000000000005
2026-06-06,15.930000000000001,11.38,20.315
2026-06-07,16.085000000000004,10.390000000000002,21.195000000000004
2026-06-08,17.160000000000004,13.215000000000002,21.675000000000004
2026-06-09,14.690000000000001,11.035,18.790000000000003
2026-06-10,13.930000000000001,10.260000000000003,17.840000000000003
2026-06-11,14.410000000000002,9.090000000000002,19.120000000000005
2026-06-12,18.295,13.69,23.415000000000003
2026-06-13,21.360000000000003,15.325000000000001,27.645
2026-06-14,20.87,14.1,26.840000000000003
2026-06-15,21.550000000000004,14.655000000000001,28.055000000000003
2026-06-16,22.23,16.630000000000003,27.470000000000002
2026-06-17,23.390000000000004,15.629999999999999,29.925
2026-06-18,25.51,18.76,32.32
2026-06-19,25.450000000000003,19.625000000000004,32.53000000000001
2026-06-20,25.500000000000004,18.725000000000005,32.860000000000014
2026-06-21,27.620000000000005,19.875000000000004,35.01500000000001
2026-06-22,30.000000000000004,22.875000000000004,36.84000000000001
2026-06-23,30.245,23.280000000000005,36.62500000000001
2026-06-24,30.290000000000003,23.55,37.28000000000001
2026-06-25,30.625,23.855,37.18000000000001
2026-06-26,28.76,22.725,35.215
2026-06-27,27.950000000000003,21.705000000000005,34.955000000000005
2026-06-28,25.165000000000006,20.185000000000002,29.895000000000007
2026-06-29,22.485000000000003,17.755000000000006,27.255000000000003
2026-06-30,22.965000000000007,17.1,28.945
2026-07-01,20.975000000000005,16.025000000000002,25.125000000000004
2026-07-02,20.465000000000003,14.985000000000001,25.73
