ds,temp,temp_min,temp_max,source
2026-07-27,21.245,16.015000000000004,26.845,forecast
2026-07-28,23.930000000000003,14.955000000000002,32.625,forecast
2026-07-29,27.995,18.495000000000005,36.55500000000001,forecast
2026-07-30,26.435,20.26,32.475,forecast
2026-07-31,23.965000000000003,19.350000000000005,29.275000000000002,forecast
2026-08-01,24.205000000000005,18.410000000000004,31.030000000000005,forecast
2026-08-02,26.735000000000003,20.335000000000004,34.00500000000001,forecast
2026-08-03,28.485000000000003,20.96,37.11500000000001,forecast
2026-08-04,28.555,22.93,33.805,forecast
2026-08-05,27.805000000000003,21.865,33.49,forecast
2026-08-06,27.775000000000002,21.805000000000003,33.690000000000005,forecast
2026-08-07,27.874999999999996,22.980000000000004,34.97500000000001,forecast
2026-08-08,25.19,21.360000000000003,30.0,forecast
2026-08-09,22.51,18.795,26.66,forecast
2026-08-10,19.255000000000006,14.785,23.235,forecast
2026-08-11,17.865000000000002,12.350000000000003,24.455000000000002,forecast
2026-08-12,21.85355555555556,16.493111111111112,27.312000000000005,climatology
2026-08-13,21.957000000000004,16.584111111111113,27.44288888888889,climatology
2026-08-14,22.10177777777778,16.758777777777784,27.569555555555556,climatology
2026-08-15,22.109444444444446,16.85455555555556,27.500111111111117,climatology
2026-08-16,22.105111111111118,16.81988888888889,27.56388888888889,climatology
2026-08-17,22.12877777777778,16.893333333333334,27.56566666666667,climatology
2026-08-18,22.05777777777778,16.875111111111114,27.48377777777778,climatology
2026-08-19,21.750111111111117,16.688111111111112,27.079111111111118,climatology
2026-08-20,21.31788888888889,16.362333333333336,26.520222222222227,climatology
2026-08-21,20.89544444444445,16.01377777777778,26.03455555555556,climatology
2026-08-22,20.55244444444445,15.694666666666668,25.684222222222225,climatology
2026-08-23,20.271333333333338,15.447222222222221,25.386222222222223,climatology
2026-08-24,19.994333333333337,15.260444444444445,25.038555555555565,climatology
2026-08-25,19.778000000000002,15.132222222222222,24.788000000000004,climatology
