run_date,ds,temp,temp_min,temp_max,source
2026-06-15,2026-06-15,21.55,12.840000000000002,29.250000000000004,forecast
2026-06-15,2026-06-16,22.860000000000003,16.255000000000006,29.82,forecast
2026-06-15,2026-06-17,24.030000000000005,15.82,31.915000000000003,forecast
2026-06-15,2026-06-18,25.925000000000004,16.490000000000002,34.595000000000006,forecast
2026-06-15,2026-06-19,26.0,18.555000000000003,33.46000000000001,forecast
2026-06-15,2026-06-20,26.905,18.445000000000004,34.78000000000001,forecast
2026-06-15,2026-06-21,29.585000000000004,19.945000000000004,38.78000000000001,forecast
2026-06-15,2026-06-22,26.955,20.760000000000005,34.33500000000001,forecast
2026-06-15,2026-06-23,22.590000000000003,18.535,26.72,forecast
2026-06-15,2026-06-24,21.875000000000004,16.405,27.320000000000004,forecast
2026-06-15,2026-06-25,23.44,17.765000000000004,29.18500000000001,forecast
2026-06-15,2026-06-26,24.055000000000003,18.425,29.51,forecast
2026-06-15,2026-06-27,26.645000000000007,19.81,33.59000000000001,forecast
2026-06-15,2026-06-28,28.405,21.795000000000005,34.87500000000001,forecast
2026-06-15,2026-06-29,28.155,23.06,34.48500000000001,forecast
2026-06-15,2026-06-30,27.735000000000007,20.415000000000003,35.67000000000001,forecast
2026-06-15,2026-07-01,20.40466666666667,15.205333333333334,25.395222222222223,climatology
2026-06-15,2026-07-02,20.37988888888889,15.207222222222224,25.36611111111112,climatology
2026-06-15,2026-07-03,20.322444444444447,15.201222222222224,25.26833333333333,climatology
2026-06-15,2026-07-04,20.39555555555556,15.213444444444445,25.41311111111112,climatology
2026-06-15,2026-07-05,20.377444444444446,15.227333333333332,25.376777777777782,climatology
2026-06-15,2026-07-06,20.22966666666667,15.113444444444449,25.186222222222227,climatology
2026-06-15,2026-07-07,20.084333333333337,14.95877777777778,25.062111111111115,climatology
2026-06-15,2026-07-08,19.96644444444445,14.851444444444445,24.888111111111115,climatology
2026-06-15,2026-07-09,19.84311111111112,14.721555555555556,24.742222222222228,climatology
2026-06-15,2026-07-10,19.84366666666667,14.701555555555556,24.754,climatology
2026-06-15,2026-07-11,20.048,14.757222222222223,25.113333333333333,climatology
2026-06-15,2026-07-12,20.24588888888889,14.955000000000004,25.32511111111112,climatology
2026-06-15,2026-07-13,20.41466666666668,15.117333333333336,25.52744444444445,climatology
2026-06-15,2026-07-14,20.54911111111112,15.327666666666667,25.651333333333337,climatology
2026-06-18,2026-06-18,26.515000000000004,17.115000000000002,35.17000000000001,forecast
2026-06-18,2026-06-19,27.595,19.475,35.52,forecast
2026-06-18,2026-06-20,26.68500000000001,17.835000000000004,34.940000000000005,forecast
2026-06-18,2026-06-21,29.370000000000005,20.390000000000004,38.470000000000006,forecast
2026-06-18,2026-06-22,31.765000000000004,22.475,41.18500000000001,forecast
2026-06-18,2026-06-23,31.68,21.87,41.63500000000001,forecast
2026-06-18,2026-06-24,30.735000000000003,22.375,39.470000000000006,forecast
2026-06-18,2026-06-25,28.535,21.840000000000003,33.970000000000006,forecast
2026-06-18,2026-06-26,28.010000000000005,21.710000000000004,34.24000000000001,forecast
2026-06-18,2026-06-27,28.945,22.600000000000005,35.81000000000001,forecast
2026-06-18,2026-06-28,30.040000000000003,23.825000000000003,36.345000000000006,forecast
2026-06-18,2026-06-29,29.165,24.520000000000007,34.36500000000001,forecast
2026-06-18,2026-06-30,23.765000000000004,20.230000000000004,27.200000000000003,forecast
2026-06-18,2026-07-01,20.225000000000005,17.315000000000005,23.605000000000004,forecast
2026-06-18,2026-07-02,19.575000000000003,15.355000000000002,23.965000000000007,forecast
2026-06-18,2026-07-03,24.105000000000004,15.53,32.87500000000001,forecast
2026-06-18,2026-07-04,20.39555555555556,15.213444444444445,25.41311111111112,climatology
2026-06-18,2026-07-05,20.377444444444446,15.227333333333334,25.37677777777778,climatology
2026-06-18,2026-07-06,20.22966666666667,15.113444444444449,25.186222222222227,climatology
2026-06-18,2026-07-07,20.084333333333337,14.95877777777778,25.062111111111115,climatology
2026-06-18,2026-07-08,19.96644444444445,14.851444444444445,24.888111111111115,climatology
2026-06-18,2026-07-09,19.84311111111111,14.72155555555556,24.742222222222225,climatology
2026-06-18,2026-07-10,19.843666666666667,14.701555555555556,24.754000000000005,climatology
2026-06-18,2026-07-11,20.048,14.757222222222223,25.113333333333333,climatology
2026-06-18,2026-07-12,20.24588888888889,14.955000000000004,25.32511111111112,climatology
2026-06-18,2026-07-13,20.41466666666668,15.117333333333336,25.52744444444445,climatology
2026-06-18,2026-07-14,20.54911111111112,15.327666666666667,25.651333333333334,climatology
2026-06-18,2026-07-15,20.56755555555556,15.368444444444446,25.68244444444445,climatology
2026-06-18,2026-07-16,20.591,15.477333333333332,25.66977777777777,climatology
2026-06-18,2026-07-17,20.549333333333337,15.598777777777778,25.504222222222225,climatology
2026-06-19,2026-06-19,26.935,18.520000000000007,34.565000000000005,forecast
2026-06-19,2026-06-20,26.905,17.850000000000005,35.45000000000001,forecast
2026-06-19,2026-06-21,28.610000000000003,19.380000000000003,37.73500000000001,forecast
2026-06-19,2026-06-22,31.065,20.905000000000005,40.290000000000006,forecast
2026-06-19,2026-06-23,30.605,21.390000000000004,39.13000000000001,forecast
2026-06-19,2026-06-24,26.875000000000004,19.4,34.385000000000005,forecast
2026-06-19,2026-06-25,26.265,19.295000000000005,33.89,forecast
2026-06-19,2026-06-26,27.06,18.225000000000005,35.32,forecast
2026-06-19,2026-06-27,29.22,24.175000000000004,35.26500000000001,forecast
2026-06-19,2026-06-28,27.03,22.165000000000003,32.86000000000001,forecast
2026-06-19,2026-06-29,28.29,22.915000000000003,34.790000000000006,forecast
2026-06-19,2026-06-30,28.985000000000003,24.135000000000005,35.35500000000001,forecast
2026-06-19,2026-07-01,28.315,24.170000000000005,33.28000000000001,forecast
2026-06-19,2026-07-02,27.195000000000004,22.1,33.11000000000001,forecast
2026-06-19,2026-07-03,24.765000000000004,20.915000000000003,29.2,forecast
2026-06-19,2026-07-04,22.73,14.345,32.25500000000001,forecast
2026-06-19,2026-07-05,20.377444444444446,15.227333333333334,25.376777777777782,climatology
2026-06-19,2026-07-06,20.22966666666667,15.113444444444449,25.186222222222227,climatology
2026-06-19,2026-07-07,20.084333333333337,14.95877777777778,25.062111111111115,climatology
2026-06-19,2026-07-08,19.96644444444445,14.851444444444445,24.888111111111115,climatology
2026-06-19,2026-07-09,19.84311111111112,14.72155555555556,24.742222222222228,climatology
2026-06-19,2026-07-10,19.843666666666667,14.701555555555556,24.754,climatology
2026-06-19,2026-07-11,20.048,14.757222222222223,25.113333333333337,climatology
2026-06-19,2026-07-12,20.24588888888889,14.955000000000004,25.32511111111112,climatology
2026-06-19,2026-07-13,20.41466666666668,15.117333333333336,25.52744444444445,climatology
2026-06-19,2026-07-14,20.54911111111112,15.327666666666667,25.651333333333337,climatology
2026-06-19,2026-07-15,20.56755555555556,15.368444444444446,25.68244444444445,climatology
2026-06-19,2026-07-16,20.591,15.477333333333332,25.66977777777777,climatology
2026-06-19,2026-07-17,20.549333333333337,15.598777777777778,25.504222222222225,climatology
2026-06-19,2026-07-18,20.33466666666667,15.50777777777778,25.17477777777778,climatology
2026-06-23,2026-06-23,30.225000000000005,22.035,38.80500000000001,forecast
2026-06-23,2026-06-24,30.44,21.575,39.68000000000001,forecast
2026-06-23,2026-06-25,30.905,22.65,38.60000000000001,forecast
2026-06-23,2026-06-26,29.855000000000004,22.785000000000004,36.905,forecast
2026-06-23,2026-06-27,29.085000000000004,22.06,36.43500000000001,forecast
2026-06-23,2026-06-28,26.9,21.335000000000004,33.470000000000006,forecast
2026-06-23,2026-06-29,25.58,19.770000000000007,32.415000000000006,forecast
2026-06-23,2026-06-30,23.545,19.785,28.580000000000005,forecast
2026-06-23,2026-07-01,22.93500000000001,19.340000000000003,27.065,forecast
2026-06-23,2026-07-02,24.37,20.430000000000003,29.73,forecast
2026-06-23,2026-07-03,22.950000000000003,19.705,27.245,forecast
2026-06-23,2026-07-04,22.695,19.1,26.56,forecast
2026-06-23,2026-07-05,24.030000000000005,19.33,28.945000000000004,forecast
2026-06-23,2026-07-06,25.195,20.880000000000003,30.020000000000003,forecast
2026-06-23,2026-07-07,24.680000000000003,17.470000000000002,31.210000000000004,forecast
2026-06-23,2026-07-08,21.495000000000005,12.825,30.485000000000003,forecast
2026-06-23,2026-07-09,19.84311111111112,14.721555555555556,24.742222222222225,climatology
2026-06-23,2026-07-10,19.843666666666667,14.701555555555558,24.754,climatology
2026-06-23,2026-07-11,20.048,14.757222222222223,25.113333333333333,climatology
2026-06-23,2026-07-12,20.24588888888889,14.955000000000004,25.32511111111112,climatology
2026-06-23,2026-07-13,20.41466666666668,15.117333333333336,25.52744444444445,climatology
2026-06-23,2026-07-14,20.54911111111112,15.327666666666667,25.651333333333334,climatology
2026-06-23,2026-07-15,20.56755555555556,15.368444444444448,25.68244444444445,climatology
2026-06-23,2026-07-16,20.591,15.477333333333334,25.66977777777777,climatology
2026-06-23,2026-07-17,20.54933333333334,15.59877777777778,25.504222222222225,climatology
2026-06-23,2026-07-18,20.33466666666667,15.50777777777778,25.174777777777777,climatology
2026-06-23,2026-07-19,20.11500000000001,15.287111111111114,24.92355555555556,climatology
2026-06-23,2026-07-20,20.007888888888893,15.256,24.76277777777778,climatology
2026-06-23,2026-07-21,19.957444444444448,15.328111111111111,24.64888888888889,climatology
2026-06-23,2026-07-22,19.944333333333336,15.34488888888889,24.61855555555556,climatology
2026-06-25,2026-06-25,31.100000000000005,22.110000000000003,39.435,forecast
2026-06-25,2026-06-26,30.32,22.550000000000004,38.14500000000001,forecast
2026-06-25,2026-06-27,29.755000000000003,21.315,38.150000000000006,forecast
2026-06-25,2026-06-28,25.405000000000005,20.31000000000001,29.665000000000003,forecast
2026-06-25,2026-06-29,23.15,17.360000000000003,29.140000000000004,forecast
2026-06-25,2026-06-30,22.730000000000004,17.230000000000004,29.19,forecast
2026-06-25,2026-07-01,20.995000000000005,16.305000000000003,25.865,forecast
2026-06-25,2026-07-02,20.405000000000005,15.195000000000002,25.045000000000005,forecast
2026-06-25,2026-07-03,20.215,15.48,24.985000000000003,forecast
2026-06-25,2026-07-04,20.95,15.835000000000004,26.195000000000004,forecast
2026-06-25,2026-07-05,21.175,17.385,25.180000000000003,forecast
2026-06-25,2026-07-06,18.03,14.685,21.18500000000001,forecast
2026-06-25,2026-07-07,16.990000000000002,13.725,20.565,forecast
2026-06-25,2026-07-08,17.490000000000002,12.79,22.23,forecast
2026-06-25,2026-07-09,19.055000000000003,14.24,23.825000000000003,forecast
2026-06-25,2026-07-10,19.785000000000004,14.195,26.705,forecast
2026-06-25,2026-07-11,20.048,14.757222222222223,25.113333333333333,climatology
2026-06-25,2026-07-12,20.24588888888889,14.955000000000004,25.32511111111112,climatology
2026-06-25,2026-07-13,20.41466666666668,15.117333333333336,25.52744444444445,climatology
2026-06-25,2026-07-14,20.54911111111112,15.327666666666667,25.651333333333334,climatology
2026-06-25,2026-07-15,20.56755555555556,15.368444444444446,25.68244444444445,climatology
2026-06-25,2026-07-16,20.591,15.477333333333332,25.66977777777777,climatology
2026-06-25,2026-07-17,20.549333333333337,15.598777777777777,25.504222222222225,climatology
2026-06-25,2026-07-18,20.33466666666667,15.50777777777778,25.174777777777777,climatology
2026-06-25,2026-07-19,20.11500000000001,15.287111111111114,24.92355555555556,climatology
2026-06-25,2026-07-20,20.007888888888893,15.256000000000004,24.76277777777778,climatology
2026-06-25,2026-07-21,19.957444444444448,15.328111111111111,24.64888888888889,climatology
2026-06-25,2026-07-22,19.944333333333336,15.34488888888889,24.61855555555556,climatology
2026-06-25,2026-07-23,20.000333333333337,15.399,24.734222222222225,climatology
2026-06-25,2026-07-24,20.13155555555556,15.497555555555556,24.91433333333333,climatology
2026-06-30,2026-06-30,23.515,17.590000000000003,30.095,forecast
2026-06-30,2026-07-01,21.930000000000003,15.785000000000002,27.790000000000003,forecast
2026-06-30,2026-07-02,21.6,15.435000000000002,27.165000000000003,forecast
2026-06-30,2026-07-03,22.545,15.595000000000002,28.545,forecast
2026-06-30,2026-07-04,24.035000000000007,15.835000000000004,31.95,forecast
2026-06-30,2026-07-05,26.250000000000004,16.150000000000002,35.470000000000006,forecast
2026-06-30,2026-07-06,27.905000000000005,17.525000000000006,37.77,forecast
2026-06-30,2026-07-07,25.815,19.42,32.46000000000001,forecast
2026-06-30,2026-07-08,26.145000000000003,20.665000000000006,31.52,forecast
2026-06-30,2026-07-09,27.565,22.040000000000003,33.160000000000004,forecast
2026-06-30,2026-07-10,28.405,22.640000000000004,34.540000000000006,forecast
2026-06-30,2026-07-11,27.285,22.675000000000004,33.00500000000001,forecast
2026-06-30,2026-07-12,24.300000000000004,19.350000000000005,29.370000000000005,forecast
2026-06-30,2026-07-13,25.015000000000008,19.785000000000004,30.245000000000005,forecast
2026-06-30,2026-07-14,25.725,20.11500000000001,31.315000000000005,forecast
2026-06-30,2026-07-15,21.680000000000003,15.88,27.81,forecast
2026-06-30,2026-07-16,20.591,15.477333333333334,25.66977777777777,climatology
2026-06-30,2026-07-17,20.549333333333337,15.598777777777778,25.504222222222225,climatology
2026-06-30,2026-07-18,20.334666666666667,15.50777777777778,25.17477777777778,climatology
2026-06-30,2026-07-19,20.115,15.28711111111111,24.92355555555556,climatology
2026-06-30,2026-07-20,20.007888888888893,15.256,24.762777777777785,climatology
2026-06-30,2026-07-21,19.957444444444448,15.328111111111111,24.64888888888889,climatology
2026-06-30,2026-07-22,19.944333333333336,15.34488888888889,24.61855555555556,climatology
2026-06-30,2026-07-23,20.000333333333337,15.399,24.734222222222225,climatology
2026-06-30,2026-07-24,20.13155555555556,15.497555555555556,24.91433333333333,climatology
2026-06-30,2026-07-25,20.19788888888889,15.622,24.981777777777783,climatology
2026-06-30,2026-07-26,20.10288888888889,15.68588888888889,24.73766666666667,climatology
2026-06-30,2026-07-27,19.93866666666667,15.57277777777778,24.54044444444445,climatology
2026-06-30,2026-07-28,19.816888888888894,15.476666666666668,24.420777777777783,climatology
2026-06-30,2026-07-29,19.710555555555555,15.347444444444449,24.27811111111112,climatology
2026-07-02,2026-07-02,20.845,15.055,26.275,forecast
2026-07-02,2026-07-03,22.450000000000003,16.405,28.755000000000003,forecast
2026-07-02,2026-07-04,23.075000000000003,13.875000000000002,30.935,forecast
2026-07-02,2026-07-05,24.51,15.9,32.555,forecast
2026-07-02,2026-07-06,25.935,17.215,34.70000000000001,forecast
2026-07-02,2026-07-07,23.200000000000006,17.045,29.14,forecast
2026-07-02,2026-07-08,20.11500000000001,14.265,25.840000000000003,forecast
2026-07-02,2026-07-09,21.540000000000003,13.085000000000004,28.81,forecast
2026-07-02,2026-07-10,24.35,18.555,29.62,forecast
2026-07-02,2026-07-11,25.590000000000003,20.17,31.325000000000003,forecast
2026-07-02,2026-07-12,26.565000000000005,21.355,33.095000000000006,forecast
2026-07-02,2026-07-13,27.495,22.190000000000005,33.025000000000006,forecast
2026-07-02,2026-07-14,26.535,22.53,31.875000000000004,forecast
2026-07-02,2026-07-15,25.65,21.245,31.475000000000005,forecast
2026-07-02,2026-07-16,26.000000000000004,19.480000000000004,33.765,forecast
2026-07-02,2026-07-17,23.275,14.675,31.78,forecast
2026-07-02,2026-07-18,20.33588888888889,15.530333333333331,25.19811111111112,climatology
2026-07-02,2026-07-19,20.116222222222227,15.31,24.94655555555556,climatology
2026-07-02,2026-07-20,20.00911111111112,15.279555555555556,24.784444444444446,climatology
2026-07-02,2026-07-21,19.95866666666667,15.351555555555557,24.66866666666667,climatology
2026-07-02,2026-07-22,19.94555555555556,15.368222222222224,24.639000000000003,climatology
2026-07-02,2026-07-23,20.00155555555556,15.421,24.754,climatology
2026-07-02,2026-07-24,20.13277777777778,15.518666666666668,24.933333333333334,climatology
2026-07-02,2026-07-25,20.19911111111111,15.64377777777778,25.002222222222223,climatology
2026-07-02,2026-07-26,20.10411111111112,15.70766666666667,24.75911111111112,climatology
2026-07-02,2026-07-27,19.93988888888889,15.591888888888892,24.56177777777778,climatology
2026-07-02,2026-07-28,19.81766666666667,15.494555555555555,24.44011111111111,climatology
2026-07-02,2026-07-29,19.711333333333336,15.364111111111113,24.29788888888889,climatology
2026-07-02,2026-07-30,19.656111111111112,15.244222222222223,24.29388888888889,climatology
2026-07-02,2026-07-31,19.70577777777778,15.148444444444443,24.444000000000003,climatology
2026-07-06,2026-07-06,26.225000000000005,16.465000000000003,35.025000000000006,forecast
2026-07-06,2026-07-07,27.73,17.685000000000002,36.51500000000001,forecast
2026-07-06,2026-07-08,26.995000000000005,16.755000000000003,35.29500000000001,forecast
2026-07-06,2026-07-09,29.08,20.305000000000003,37.400000000000006,forecast
2026-07-06,2026-07-10,30.020000000000003,22.5,37.98,forecast
2026-07-06,2026-07-11,29.245000000000005,22.005000000000003,36.68500000000001,forecast
2026-07-06,2026-07-12,30.260000000000005,21.785000000000004,38.14000000000001,forecast
2026-07-06,2026-07-13,26.945000000000004,21.215000000000003,33.195,forecast
2026-07-06,2026-07-14,23.420000000000005,18.790000000000003,28.180000000000007,forecast
2026-07-06,2026-07-15,22.78,19.005000000000003,27.115,forecast
2026-07-06,2026-07-16,23.485000000000003,18.025,28.97000000000001,forecast
2026-07-06,2026-07-17,25.855,20.06,31.625000000000004,forecast
2026-07-06,2026-07-18,26.185,20.980000000000008,32.065000000000005,forecast
2026-07-06,2026-07-19,25.375000000000004,19.435,31.180000000000007,forecast
2026-07-06,2026-07-20,22.585000000000004,16.295,28.9,forecast
2026-07-06,2026-07-21,16.785000000000004,13.825000000000005,22.280000000000005,forecast
2026-07-06,2026-07-22,19.94555555555556,15.368222222222224,24.639000000000003,climatology
2026-07-06,2026-07-23,20.00155555555556,15.421,24.754,climatology
2026-07-06,2026-07-24,20.132777777777783,15.518666666666668,24.933333333333334,climatology
2026-07-06,2026-07-25,20.19911111111111,15.64377777777778,25.002222222222223,climatology
2026-07-06,2026-07-26,20.10411111111112,15.707666666666668,24.75911111111112,climatology
2026-07-06,2026-07-27,19.93988888888889,15.59188888888889,24.56177777777778,climatology
2026-07-06,2026-07-28,19.81766666666667,15.494555555555555,24.44011111111112,climatology
2026-07-06,2026-07-29,19.711333333333336,15.364111111111113,24.29788888888889,climatology
2026-07-06,2026-07-30,19.656111111111112,15.244222222222222,24.29388888888889,climatology
2026-07-06,2026-07-31,19.70577777777778,15.148444444444443,24.444000000000003,climatology
2026-07-06,2026-08-01,19.78255555555556,15.072000000000005,24.606888888888893,climatology
2026-07-06,2026-08-02,19.957111111111114,15.132888888888893,24.899222222222225,climatology
2026-07-06,2026-08-03,20.155222222222225,15.29677777777778,25.15622222222223,climatology
2026-07-06,2026-08-04,20.39833333333334,15.356888888888893,25.565777777777782,climatology
2026-07-09,2026-07-09,27.6,19.875000000000004,34.75000000000001,forecast
2026-07-09,2026-07-10,28.555000000000003,20.24000000000001,36.375000000000014,forecast
2026-07-09,2026-07-11,29.64,22.21,36.885000000000005,forecast
2026-07-09,2026-07-12,29.840000000000003,21.250000000000004,37.77000000000001,forecast
2026-07-09,2026-07-13,30.26,23.170000000000005,37.900000000000006,forecast
2026-07-09,2026-07-14,29.840000000000007,23.825000000000003,36.85000000000001,forecast
2026-07-09,2026-07-15,29.505,23.02500000000001,36.205000000000005,forecast
2026-07-09,2026-07-16,25.245000000000005,20.395000000000003,30.465000000000003,forecast
2026-07-09,2026-07-17,21.415000000000003,18.17,24.860000000000003,forecast
2026-07-09,2026-07-18,20.985000000000003,17.555000000000003,24.890000000000004,forecast
2026-07-09,2026-07-19,19.185,15.425000000000002,23.270000000000007,forecast
2026-07-09,2026-07-20,18.99,15.695000000000002,22.355000000000004,forecast
2026-07-09,2026-07-21,19.620000000000005,15.730000000000002,24.245,forecast
2026-07-09,2026-07-22,19.505000000000003,15.235,23.965000000000003,forecast
2026-07-09,2026-07-23,19.65,14.86,24.480000000000004,forecast
2026-07-09,2026-07-24,18.905000000000005,13.2,24.135,forecast
2026-07-09,2026-07-25,20.199111111111115,15.643777777777778,25.002222222222223,climatology
2026-07-09,2026-07-26,20.10411111111112,15.707666666666668,24.75911111111112,climatology
2026-07-09,2026-07-27,19.93988888888889,15.59188888888889,24.56177777777778,climatology
2026-07-09,2026-07-28,19.81766666666667,15.494555555555555,24.44011111111112,climatology
2026-07-09,2026-07-29,19.711333333333336,15.36411111111111,24.29788888888889,climatology
2026-07-09,2026-07-30,19.65611111111112,15.244222222222222,24.29388888888889,climatology
2026-07-09,2026-07-31,19.70577777777778,15.148444444444449,24.444000000000003,climatology
2026-07-09,2026-08-01,19.78255555555556,15.072000000000005,24.606888888888893,climatology
2026-07-09,2026-08-02,19.957111111111114,15.132888888888894,24.899222222222225,climatology
2026-07-09,2026-08-03,20.155222222222225,15.29677777777778,25.156222222222222,climatology
2026-07-09,2026-08-04,20.398333333333337,15.356888888888893,25.565777777777782,climatology
2026-07-09,2026-08-05,20.72944444444445,15.510111111111112,26.069444444444446,climatology
2026-07-09,2026-08-06,21.04133333333333,15.801111111111112,26.42233333333333,climatology
2026-07-09,2026-08-07,21.21688888888889,15.960444444444446,26.60811111111111,climatology
2026-07-13,2026-07-13,28.235,22.11500000000001,34.49,forecast
2026-07-13,2026-07-14,28.880000000000003,21.43,36.00000000000001,forecast
2026-07-13,2026-07-15,27.97,22.38,33.57500000000001,forecast
2026-07-13,2026-07-16,27.245,21.375,33.830000000000005,forecast
2026-07-13,2026-07-17,22.985000000000003,20.27500000000001,26.56000000000001,forecast
2026-07-13,2026-07-18,23.01,18.67,27.97,forecast
2026-07-13,2026-07-19,21.19,16.340000000000007,26.235,forecast
2026-07-13,2026-07-20,21.385,15.315000000000005,27.415000000000003,forecast
2026-07-13,2026-07-21,22.59500000000001,17.535,27.655000000000005,forecast
2026-07-13,2026-07-22,22.960000000000004,17.215000000000003,28.550000000000004,forecast
2026-07-13,2026-07-23,23.850000000000005,17.92,29.485000000000007,forecast
2026-07-13,2026-07-24,25.440000000000005,18.955000000000005,31.655,forecast
2026-07-13,2026-07-25,26.285000000000004,21.110000000000003,31.68500000000001,forecast
2026-07-13,2026-07-26,26.895000000000003,21.18500000000001,32.76500000000001,forecast
2026-07-13,2026-07-27,26.94,20.99000000000001,32.465,forecast
2026-07-13,2026-07-28,28.875000000000004,20.710000000000004,38.34000000000001,forecast
2026-07-13,2026-07-29,19.711333333333336,15.364111111111113,24.29788888888889,climatology
2026-07-13,2026-07-30,19.656111111111112,15.244222222222222,24.29388888888889,climatology
2026-07-13,2026-07-31,19.70577777777778,15.148444444444443,24.444000000000003,climatology
2026-07-13,2026-08-01,19.78255555555556,15.072000000000005,24.606888888888893,climatology
2026-07-13,2026-08-02,19.957111111111114,15.132888888888893,24.899222222222228,climatology
2026-07-13,2026-08-03,20.15522222222222,15.29677777777778,25.156222222222222,climatology
2026-07-13,2026-08-04,20.398333333333337,15.356888888888893,25.565777777777782,climatology
2026-07-13,2026-08-05,20.72944444444445,15.510111111111112,26.069444444444446,climatology
2026-07-13,2026-08-06,21.04133333333333,15.801111111111112,26.42233333333333,climatology
2026-07-13,2026-08-07,21.21688888888889,15.960444444444446,26.60811111111111,climatology
2026-07-13,2026-08-08,21.26288888888889,16.03988888888889,26.61455555555556,climatology
2026-07-13,2026-08-09,21.34788888888889,16.056777777777782,26.741333333333337,climatology
2026-07-13,2026-08-10,21.48222222222223,16.104777777777784,26.95877777777778,climatology
2026-07-13,2026-08-11,21.712333333333333,16.323666666666668,27.21711111111112,climatology
2026-07-16,2026-07-16,25.905,19.45,32.71000000000001,forecast
2026-07-16,2026-07-17,24.58,20.355,29.55,forecast
2026-07-16,2026-07-18,23.385000000000005,17.275000000000006,29.055000000000003,forecast
2026-07-16,2026-07-19,21.39,15.840000000000002,26.565,forecast
2026-07-16,2026-07-20,20.305000000000007,14.955,25.870000000000008,forecast
2026-07-16,2026-07-21,20.710000000000004,14.645,26.83,forecast
2026-07-16,2026-07-22,20.950000000000003,14.69,27.81000000000001,forecast
2026-07-16,2026-07-23,21.065000000000005,14.405000000000005,27.070000000000004,forecast
2026-07-16,2026-07-24,23.330000000000005,17.070000000000004,29.450000000000003,forecast
2026-07-16,2026-07-25,24.100000000000005,18.475,30.700000000000006,forecast
2026-07-16,2026-07-26,20.98,17.12,24.820000000000004,forecast
2026-07-16,2026-07-27,20.930000000000003,17.595000000000006,24.58,forecast
2026-07-16,2026-07-28,20.91,16.535000000000004,25.285000000000004,forecast
2026-07-16,2026-07-29,20.350000000000005,16.995,23.955,forecast
2026-07-16,2026-07-30,20.335,16.235000000000003,24.72,forecast
2026-07-16,2026-07-31,25.015,18.390000000000004,32.13,forecast
2026-07-16,2026-08-01,19.78255555555556,15.072000000000005,24.606888888888893,climatology
2026-07-16,2026-08-02,19.957111111111114,15.13288888888889,24.899222222222228,climatology
2026-07-16,2026-08-03,20.15522222222222,15.29677777777778,25.15622222222223,climatology
2026-07-16,2026-08-04,20.398333333333337,15.356888888888893,25.56577777777778,climatology
2026-07-16,2026-08-05,20.72944444444445,15.510111111111112,26.069444444444446,climatology
2026-07-16,2026-08-06,21.04133333333333,15.801111111111112,26.42233333333333,climatology
2026-07-16,2026-08-07,21.21688888888889,15.960444444444446,26.60811111111112,climatology
2026-07-16,2026-08-08,21.26288888888889,16.039888888888893,26.61455555555556,climatology
2026-07-16,2026-08-09,21.34788888888889,16.05677777777778,26.741333333333337,climatology
2026-07-16,2026-08-10,21.482222222222227,16.10477777777778,26.95877777777778,climatology
2026-07-16,2026-08-11,21.712333333333337,16.323666666666668,27.21711111111112,climatology
2026-07-16,2026-08-12,21.85355555555556,16.493111111111112,27.312000000000005,climatology
2026-07-16,2026-08-13,21.957000000000004,16.584111111111113,27.44288888888889,climatology
2026-07-16,2026-08-14,22.10177777777778,16.758777777777784,27.56955555555556,climatology
2026-07-20,2026-07-20,20.925000000000004,14.535000000000002,26.975,forecast
2026-07-20,2026-07-21,21.31,14.735,27.770000000000007,forecast
2026-07-20,2026-07-22,21.790000000000003,14.605,28.55,forecast
2026-07-20,2026-07-23,21.790000000000003,15.045000000000002,28.085,forecast
2026-07-20,2026-07-24,23.230000000000004,15.225,31.300000000000004,forecast
2026-07-20,2026-07-25,23.22,15.975000000000003,30.06,forecast
2026-07-20,2026-07-26,21.03,16.690000000000005,25.530000000000005,forecast
2026-07-20,2026-07-27,21.395000000000003,17.585000000000004,25.145000000000003,forecast
2026-07-20,2026-07-28,20.97,15.670000000000002,26.245,forecast
2026-07-20,2026-07-29,21.360000000000007,16.115000000000006,27.095,forecast
2026-07-20,2026-07-30,20.15,16.025000000000002,24.475,forecast
2026-07-20,2026-07-31,19.780000000000005,15.005,24.765,forecast
2026-07-20,2026-08-01,21.625000000000004,15.2,27.94,forecast
2026-07-20,2026-08-02,23.935,17.415000000000003,30.345,forecast
2026-07-20,2026-08-03,25.55,18.955000000000005,31.77500000000001,forecast
2026-07-20,2026-08-04,26.61,17.790000000000003,35.160000000000004,forecast
2026-07-20,2026-08-05,20.72944444444445,15.510111111111112,26.069444444444446,climatology
2026-07-20,2026-08-06,21.04133333333333,15.801111111111112,26.42233333333333,climatology
2026-07-20,2026-08-07,21.21688888888889,15.960444444444446,26.60811111111111,climatology
2026-07-20,2026-08-08,21.26288888888889,16.03988888888889,26.61455555555556,climatology
2026-07-20,2026-08-09,21.34788888888889,16.056777777777782,26.741333333333337,climatology
2026-07-20,2026-08-10,21.48222222222223,16.10477777777778,26.95877777777778,climatology
2026-07-20,2026-08-11,21.712333333333337,16.323666666666668,27.217111111111112,climatology
2026-07-20,2026-08-12,21.85355555555556,16.493111111111116,27.312000000000005,climatology
2026-07-20,2026-08-13,21.957,16.584111111111113,27.44288888888889,climatology
2026-07-20,2026-08-14,22.10177777777778,16.758777777777784,27.56955555555556,climatology
2026-07-20,2026-08-15,22.10944444444445,16.854555555555557,27.50011111111111,climatology
2026-07-20,2026-08-16,22.10511111111112,16.81988888888889,27.56388888888889,climatology
2026-07-20,2026-08-17,22.12877777777778,16.893333333333334,27.56566666666667,climatology
2026-07-20,2026-08-18,22.05777777777778,16.875111111111114,27.48377777777778,climatology
2026-07-23,2026-07-23,22.160000000000004,15.335000000000004,28.510000000000005,forecast
2026-07-23,2026-07-24,23.44,15.505000000000004,30.895000000000003,forecast
2026-07-23,2026-07-25,23.02500000000001,17.1,29.155000000000005,forecast
2026-07-23,2026-07-26,21.345,16.915000000000003,26.135,forecast
2026-07-23,2026-07-27,22.38000000000001,17.365000000000002,28.160000000000007,forecast
2026-07-23,2026-07-28,24.355,15.725,32.63,forecast
2026-07-23,2026-07-29,27.895000000000003,18.905,36.785,forecast
2026-07-23,2026-07-30,27.960000000000004,21.43500000000001,33.97500000000001,forecast
2026-07-23,2026-07-31,27.465,21.19,33.69500000000001,forecast
2026-07-23,2026-08-01,29.090000000000003,22.735000000000003,35.75000000000001,forecast
2026-07-23,2026-08-02,28.58,22.78,33.900000000000006,forecast
2026-07-23,2026-08-03,25.135,21.530000000000005,28.345,forecast
2026-07-23,2026-08-04,23.00500000000001,17.8,28.085,forecast
2026-07-23,2026-08-05,25.390000000000004,18.840000000000003,32.05500000000001,forecast
2026-07-23,2026-08-06,24.37,19.28,29.035,forecast
2026-07-23,2026-08-07,27.450000000000003,17.460000000000004,37.620000000000005,forecast
2026-07-23,2026-08-08,21.26288888888889,16.03988888888889,26.61455555555556,climatology
2026-07-23,2026-08-09,21.34788888888889,16.056777777777782,26.741333333333337,climatology
2026-07-23,2026-08-10,21.482222222222227,16.10477777777778,26.95877777777778,climatology
2026-07-23,2026-08-11,21.712333333333337,16.323666666666668,27.21711111111112,climatology
2026-07-23,2026-08-12,21.85355555555556,16.493111111111112,27.312000000000005,climatology
2026-07-23,2026-08-13,21.957000000000004,16.584111111111113,27.44288888888889,climatology
2026-07-23,2026-08-14,22.10177777777778,16.758777777777784,27.56955555555556,climatology
2026-07-23,2026-08-15,22.10944444444445,16.85455555555556,27.50011111111112,climatology
2026-07-23,2026-08-16,22.10511111111112,16.819888888888894,27.563888888888894,climatology
2026-07-23,2026-08-17,22.12877777777778,16.893333333333334,27.56566666666667,climatology
2026-07-23,2026-08-18,22.05777777777778,16.875111111111114,27.48377777777777,climatology
2026-07-23,2026-08-19,21.75011111111112,16.688111111111112,27.079111111111114,climatology
2026-07-23,2026-08-20,21.31788888888889,16.362333333333336,26.520222222222227,climatology
2026-07-23,2026-08-21,20.89544444444445,16.01377777777778,26.03455555555556,climatology
2026-07-27,2026-07-27,21.245,16.015000000000004,26.845,forecast
2026-07-27,2026-07-28,23.930000000000003,14.955000000000002,32.625,forecast
2026-07-27,2026-07-29,27.995,18.495000000000005,36.55500000000001,forecast
2026-07-27,2026-07-30,26.435,20.26,32.475,forecast
2026-07-27,2026-07-31,23.965000000000003,19.350000000000005,29.275,forecast
2026-07-27,2026-08-01,24.205000000000005,18.410000000000004,31.030000000000005,forecast
2026-07-27,2026-08-02,26.735000000000003,20.335000000000004,34.00500000000001,forecast
2026-07-27,2026-08-03,28.485000000000003,20.96,37.11500000000001,forecast
2026-07-27,2026-08-04,28.555,22.93,33.805,forecast
2026-07-27,2026-08-05,27.805000000000003,21.865,33.49,forecast
2026-07-27,2026-08-06,27.775,21.805000000000003,33.690000000000005,forecast
2026-07-27,2026-08-07,27.875,22.980000000000004,34.97500000000001,forecast
2026-07-27,2026-08-08,25.19,21.360000000000003,30.0,forecast
2026-07-27,2026-08-09,22.51,18.795,26.66,forecast
2026-07-27,2026-08-10,19.25500000000001,14.785,23.235,forecast
2026-07-27,2026-08-11,17.865000000000002,12.350000000000003,24.455,forecast
2026-07-27,2026-08-12,21.85355555555556,16.493111111111112,27.312000000000005,climatology
2026-07-27,2026-08-13,21.957000000000004,16.584111111111113,27.44288888888889,climatology
2026-07-27,2026-08-14,22.10177777777778,16.758777777777784,27.56955555555556,climatology
2026-07-27,2026-08-15,22.10944444444445,16.85455555555556,27.50011111111112,climatology
2026-07-27,2026-08-16,22.10511111111112,16.81988888888889,27.56388888888889,climatology
2026-07-27,2026-08-17,22.12877777777778,16.893333333333334,27.56566666666667,climatology
2026-07-27,2026-08-18,22.05777777777778,16.875111111111114,27.48377777777778,climatology
2026-07-27,2026-08-19,21.75011111111112,16.688111111111112,27.07911111111112,climatology
2026-07-27,2026-08-20,21.31788888888889,16.362333333333336,26.520222222222227,climatology
2026-07-27,2026-08-21,20.89544444444445,16.01377777777778,26.03455555555556,climatology
2026-07-27,2026-08-22,20.55244444444445,15.694666666666668,25.684222222222225,climatology
2026-07-27,2026-08-23,20.27133333333333,15.44722222222222,25.386222222222223,climatology
2026-07-27,2026-08-24,19.994333333333337,15.260444444444444,25.038555555555565,climatology
2026-07-27,2026-08-25,19.778,15.132222222222222,24.788000000000004,climatology
2026-07-30,2026-07-30,25.735000000000003,19.655000000000005,32.56,forecast
2026-07-30,2026-07-31,23.905,18.915000000000003,29.995000000000005,forecast
2026-07-30,2026-08-01,23.625000000000004,16.950000000000003,30.21,forecast
2026-07-30,2026-08-02,26.195000000000004,17.095000000000002,34.45000000000001,forecast
2026-07-30,2026-08-03,27.33,20.880000000000003,34.215,forecast
2026-07-30,2026-08-04,24.49000000000001,18.600000000000005,30.73,forecast
2026-07-30,2026-08-05,24.300000000000004,19.620000000000005,30.08,forecast
2026-07-30,2026-08-06,24.145,18.290000000000003,31.35,forecast
2026-07-30,2026-08-07,22.825000000000003,19.905000000000005,26.35,forecast
2026-07-30,2026-08-08,20.395000000000003,17.76,23.6,forecast
2026-07-30,2026-08-09,19.075000000000003,14.56,23.655,forecast
2026-07-30,2026-08-10,22.020000000000003,15.17,28.815,forecast
2026-07-30,2026-08-11,25.360000000000003,18.605,32.22500000000001,forecast
2026-07-30,2026-08-12,25.335000000000004,19.935,31.065,forecast
2026-07-30,2026-08-13,23.695000000000004,19.155000000000005,28.4,forecast
2026-07-30,2026-08-14,21.450000000000003,13.745000000000005,28.59,forecast
2026-07-30,2026-08-15,22.10944444444445,16.854555555555557,27.50011111111111,climatology
2026-07-30,2026-08-16,22.10511111111112,16.819888888888894,27.56388888888889,climatology
2026-07-30,2026-08-17,22.12877777777778,16.893333333333334,27.56566666666667,climatology
2026-07-30,2026-08-18,22.05777777777778,16.875111111111114,27.483777777777785,climatology
2026-07-30,2026-08-19,21.75011111111112,16.688111111111116,27.079111111111114,climatology
2026-07-30,2026-08-20,21.31788888888889,16.362333333333336,26.520222222222227,climatology
2026-07-30,2026-08-21,20.89544444444445,16.01377777777778,26.03455555555556,climatology
2026-07-30,2026-08-22,20.55244444444445,15.694666666666668,25.684222222222225,climatology
2026-07-30,2026-08-23,20.27133333333333,15.44722222222222,25.386222222222223,climatology
2026-07-30,2026-08-24,19.994333333333337,15.260444444444447,25.03855555555556,climatology
2026-07-30,2026-08-25,19.778,15.132222222222223,24.788,climatology
2026-07-30,2026-08-26,19.584333333333337,14.963222222222226,24.601444444444446,climatology
2026-07-30,2026-08-27,19.531333333333336,14.888111111111112,24.61866666666668,climatology
2026-07-30,2026-08-28,19.51444444444445,14.924222222222223,24.58066666666667,climatology
2026-08-03,2026-08-03,27.945,20.51,35.72,forecast
2026-08-03,2026-08-04,25.76,21.125,30.82,forecast
2026-08-03,2026-08-05,24.205,19.855,28.915,forecast
2026-08-03,2026-08-06,21.715,15.505,27.595,forecast
2026-08-03,2026-08-07,20.485,12.845,27.825,forecast
2026-08-03,2026-08-08,21.685,12.29,29.89,forecast
2026-08-03,2026-08-09,24.01,15.61,31.62,forecast
2026-08-03,2026-08-10,22.65,19.285000000000004,27.24,forecast
2026-08-03,2026-08-11,23.56,17.325,29.77,forecast
2026-08-03,2026-08-12,25.37,19.005,31.630000000000003,forecast
2026-08-03,2026-08-13,26.36,19.875,32.959999999999994,forecast
2026-08-03,2026-08-14,25.515,20.165,31.27,forecast
2026-08-03,2026-08-15,24.125,18.665,29.33,forecast
2026-08-03,2026-08-16,25.095,18.73,31.180000000000003,forecast
2026-08-03,2026-08-17,26.78,20.02,33.345,forecast
2026-08-03,2026-08-18,22.16,17.84,28.695000000000004,forecast
2026-08-03,2026-08-19,21.75011111111112,16.688111111111112,27.07911111111111,climatology
2026-08-03,2026-08-20,21.317888888888888,16.362333333333332,26.520222222222223,climatology
2026-08-03,2026-08-21,20.895444444444447,16.013777777777776,26.03455555555556,climatology
2026-08-03,2026-08-22,20.552444444444447,15.694666666666665,25.68422222222222,climatology
2026-08-03,2026-08-23,20.27133333333333,15.44722222222222,25.386222222222223,climatology
2026-08-03,2026-08-24,19.994333333333334,15.260444444444444,25.03855555555556,climatology
2026-08-03,2026-08-25,19.778,15.132222222222222,24.788,climatology
2026-08-03,2026-08-26,19.584333333333333,14.963222222222225,24.601444444444443,climatology
2026-08-03,2026-08-27,19.531333333333333,14.88811111111111,24.61866666666667,climatology
2026-08-03,2026-08-28,19.514444444444443,14.92422222222222,24.580666666666666,climatology
2026-08-03,2026-08-29,19.424444444444447,14.857,24.49655555555556,climatology
2026-08-03,2026-08-30,19.39677777777778,14.846222222222224,24.541666666666668,climatology
2026-08-03,2026-08-31,19.41211111111112,14.928888888888888,24.547000000000004,climatology
2026-08-03,2026-09-01,19.352111111111107,14.924333333333331,24.444222222222223,climatology
2026-08-11,2026-08-11,26.23,18.860000000000003,33.915000000000006,forecast
2026-08-11,2026-08-12,28.110000000000007,19.415000000000003,36.30500000000001,forecast
2026-08-11,2026-08-13,29.615,21.81,37.76500000000001,forecast
2026-08-11,2026-08-14,28.245,20.325000000000006,36.205000000000005,forecast
2026-08-11,2026-08-15,24.035000000000004,20.235000000000003,28.085000000000004,forecast
2026-08-11,2026-08-16,22.280000000000005,17.635,27.01,forecast
2026-08-11,2026-08-17,20.125000000000004,17.26,23.15,forecast
2026-08-11,2026-08-18,21.255000000000003,16.675,26.820000000000004,forecast
2026-08-11,2026-08-19,22.760000000000005,17.680000000000003,27.99000000000001,forecast
2026-08-11,2026-08-20,22.100000000000005,18.295,26.025,forecast
2026-08-11,2026-08-21,19.975,16.480000000000004,23.820000000000004,forecast
2026-08-11,2026-08-22,18.075000000000003,15.000000000000002,21.775,forecast
2026-08-11,2026-08-23,16.505000000000003,13.295000000000002,20.15000000000001,forecast
2026-08-11,2026-08-24,15.405,11.950000000000005,19.280000000000005,forecast
2026-08-11,2026-08-25,15.585,10.495,20.735000000000003,forecast
2026-08-11,2026-08-26,18.520000000000003,12.645000000000003,25.270000000000003,forecast
2026-08-11,2026-08-27,19.531333333333336,14.888111111111112,24.61866666666668,climatology
2026-08-11,2026-08-28,19.51444444444445,14.924222222222223,24.58066666666667,climatology
2026-08-11,2026-08-29,19.424444444444447,14.857000000000005,24.49655555555556,climatology
2026-08-11,2026-08-30,19.396777777777785,14.846222222222224,24.54166666666667,climatology
2026-08-11,2026-08-31,19.41211111111112,14.928888888888892,24.547000000000008,climatology
2026-08-11,2026-09-01,19.35211111111111,14.924333333333337,24.444222222222223,climatology
2026-08-11,2026-09-02,19.21966666666667,14.836222222222224,24.26544444444445,climatology
2026-08-11,2026-09-03,19.227333333333338,14.87888888888889,24.24822222222223,climatology
2026-08-11,2026-09-04,19.22533333333334,14.94655555555556,24.21766666666667,climatology
2026-08-11,2026-09-05,19.108888888888888,14.88955555555556,24.020333333333337,climatology
2026-08-11,2026-09-06,18.90388888888889,14.794111111111114,23.73444444444445,climatology
2026-08-11,2026-09-07,18.72255555555556,14.624444444444446,23.57033333333333,climatology
2026-08-11,2026-09-08,18.58188888888889,14.424444444444449,23.46633333333334,climatology
2026-08-11,2026-09-09,18.36133333333333,14.18888888888889,23.251111111111115,climatology
2026-08-12,2026-08-12,27.945,18.94,36.53,forecast
2026-08-12,2026-08-13,30.000000000000004,21.27,38.545,forecast
2026-08-12,2026-08-14,28.835,20.285,36.935,forecast
2026-08-12,2026-08-15,26.175,21.005,32.129999999999995,forecast
2026-08-12,2026-08-16,23.590000000000003,19.56,28.12,forecast
2026-08-12,2026-08-17,23.405,18.05,29.305,forecast
2026-08-12,2026-08-18,23.555,16.575,30.48,forecast
2026-08-12,2026-08-19,21.735,18.17,26.355,forecast
2026-08-12,2026-08-20,18.75,15.425,22.67,forecast
2026-08-12,2026-08-21,17.995,13.8,22.295,forecast
2026-08-12,2026-08-22,18.425,13.41,23.69,forecast
2026-08-12,2026-08-23,18.55,14.999999999999998,22.469999999999995,forecast
2026-08-12,2026-08-24,18.07,14.165,22.265,forecast
2026-08-12,2026-08-25,17.27,12.454999999999998,22.37,forecast
2026-08-12,2026-08-26,17.259999999999998,12.25,22.325,forecast
2026-08-12,2026-08-27,18.795,13.56,25.245,forecast
2026-08-12,2026-08-28,19.514444444444447,14.92422222222222,24.580666666666666,climatology
2026-08-12,2026-08-29,19.424444444444443,14.857,24.49655555555556,climatology
2026-08-12,2026-08-30,19.39677777777778,14.846222222222222,24.541666666666668,climatology
2026-08-12,2026-08-31,19.41211111111112,14.928888888888888,24.547000000000004,climatology
2026-08-12,2026-09-01,19.352111111111107,14.924333333333331,24.444222222222223,climatology
2026-08-12,2026-09-02,19.219666666666665,14.83622222222222,24.265444444444444,climatology
2026-08-12,2026-09-03,19.22733333333333,14.878888888888888,24.248222222222225,climatology
2026-08-12,2026-09-04,19.22533333333333,14.946555555555555,24.217666666666663,climatology
2026-08-12,2026-09-05,19.108888888888888,14.889555555555557,24.020333333333333,climatology
2026-08-12,2026-09-06,18.90388888888889,14.79411111111111,23.73444444444444,climatology
2026-08-12,2026-09-07,18.722555555555555,14.624444444444444,23.57033333333333,climatology
2026-08-12,2026-09-08,18.581888888888887,14.424444444444443,23.46633333333333,climatology
2026-08-12,2026-09-09,18.36133333333333,14.188888888888888,23.25111111111111,climatology
2026-08-12,2026-09-10,18.19,13.98011111111111,23.115,climatology
2026-08-13,2026-08-13,29.645,20.265,38.45,forecast
2026-08-13,2026-08-14,29.215,20.3,38.0,forecast
2026-08-13,2026-08-15,26.805,20.61,33.44,forecast
2026-08-13,2026-08-16,23.71,19.71,28.635,forecast
2026-08-13,2026-08-17,23.315,17.564999999999998,29.645,forecast
2026-08-13,2026-08-18,23.325,18.365,28.125,forecast
2026-08-13,2026-08-19,21.99,17.955,26.105,forecast
2026-08-13,2026-08-20,20.85,15.38,25.36,forecast
2026-08-13,2026-08-21,22.07,16.174999999999997,28.125,forecast
2026-08-13,2026-08-22,20.45,17.714999999999996,23.42,forecast
2026-08-13,2026-08-23,20.06,16.065,24.075000000000003,forecast
2026-08-13,2026-08-24,22.73,16.955,29.145,forecast
2026-08-13,2026-08-25,23.385,19.755,28.27,forecast
2026-08-13,2026-08-26,20.565,17.39,24.15,forecast
2026-08-13,2026-08-27,18.78,15.275,23.325,forecast
2026-08-13,2026-08-28,17.255,14.605,20.29,forecast
2026-08-13,2026-08-29,19.424444444444447,14.857,24.49655555555556,climatology
2026-08-13,2026-08-30,19.39677777777778,14.846222222222222,24.541666666666668,climatology
2026-08-13,2026-08-31,19.41211111111112,14.928888888888888,24.547,climatology
2026-08-13,2026-09-01,19.35211111111112,14.924333333333331,24.444222222222223,climatology
2026-08-13,2026-09-02,19.219666666666665,14.836222222222222,24.265444444444448,climatology
2026-08-13,2026-09-03,19.22733333333333,14.878888888888888,24.248222222222225,climatology
2026-08-13,2026-09-04,19.22533333333333,14.946555555555555,24.217666666666663,climatology
2026-08-13,2026-09-05,19.108888888888888,14.889555555555557,24.020333333333333,climatology
2026-08-13,2026-09-06,18.90388888888889,14.79411111111111,23.73444444444445,climatology
2026-08-13,2026-09-07,18.722555555555555,14.624444444444444,23.57033333333333,climatology
2026-08-13,2026-09-08,18.581888888888887,14.424444444444443,23.46633333333333,climatology
2026-08-13,2026-09-09,18.36133333333333,14.18888888888889,23.25111111111111,climatology
2026-08-13,2026-09-10,18.19,13.980111111111112,23.114999999999995,climatology
2026-08-13,2026-09-11,17.965555555555557,13.753444444444444,22.875444444444444,climatology
2026-08-20,2026-08-20,20.625000000000004,16.100000000000005,25.15000000000001,forecast
2026-08-20,2026-08-21,18.855000000000004,15.09,23.8,forecast
2026-08-20,2026-08-22,17.865000000000002,12.32,23.780000000000005,forecast
2026-08-20,2026-08-23,19.50500000000001,12.615,26.385,forecast
2026-08-20,2026-08-24,21.07,15.585,27.860000000000003,forecast
2026-08-20,2026-08-25,23.07,18.930000000000003,27.925,forecast
2026-08-20,2026-08-26,25.195,17.855,32.885000000000005,forecast
2026-08-20,2026-08-27,23.275,19.325000000000003,27.655000000000005,forecast
2026-08-20,2026-08-28,17.895000000000003,15.545,20.760000000000005,forecast
2026-08-20,2026-08-29,17.405,13.535,21.375000000000004,forecast
2026-08-20,2026-08-30,19.015000000000004,15.835000000000004,22.625000000000004,forecast
2026-08-20,2026-08-31,18.955,15.145,23.515,forecast
2026-08-20,2026-09-01,17.67,13.275,22.540000000000003,forecast
2026-08-20,2026-09-02,17.900000000000002,12.555,23.485000000000003,forecast
2026-08-20,2026-09-03,19.675,15.905,23.625,forecast
2026-08-20,2026-09-04,17.075000000000003,10.68,24.15,forecast
2026-08-20,2026-09-05,19.10888888888889,14.88955555555556,24.020333333333337,climatology
2026-08-20,2026-09-06,18.903888888888893,14.794111111111112,23.73444444444445,climatology
2026-08-20,2026-09-07,18.72255555555556,14.624444444444446,23.57033333333333,climatology
2026-08-20,2026-09-08,18.58188888888889,14.424444444444449,23.46633333333334,climatology
2026-08-20,2026-09-09,18.36133333333333,14.18888888888889,23.251111111111115,climatology
2026-08-20,2026-09-10,18.190000000000005,13.980111111111114,23.115,climatology
2026-08-20,2026-09-11,17.965555555555557,13.753444444444446,22.87544444444445,climatology
2026-08-20,2026-09-12,17.836333333333336,13.553333333333336,22.84266666666667,climatology
2026-08-20,2026-09-13,17.82433333333334,13.556222222222225,22.84311111111112,climatology
2026-08-20,2026-09-14,17.620111111111115,13.446111111111112,22.51211111111112,climatology
2026-08-20,2026-09-15,17.231888888888893,13.201333333333332,21.971666666666668,climatology
2026-08-20,2026-09-16,16.773555555555557,12.855111111111114,21.393000000000004,climatology
2026-08-20,2026-09-17,16.388,12.563666666666668,20.93055555555556,climatology
2026-08-20,2026-09-18,16.053888888888892,12.269333333333334,20.578000000000003,climatology
2026-08-26,2026-08-26,22.745,16.36,29.64,forecast
2026-08-26,2026-08-27,22.830000000000005,19.01,28.210000000000004,forecast
2026-08-26,2026-08-28,19.870000000000005,16.880000000000003,23.06,forecast
2026-08-26,2026-08-29,19.16,15.0,23.39,forecast
2026-08-26,2026-08-30,20.525,16.87,25.350000000000005,forecast
2026-08-26,2026-08-31,19.445000000000004,16.76,23.08,forecast
2026-08-26,2026-09-01,18.520000000000003,13.540000000000004,23.59500000000001,forecast
2026-08-26,2026-09-02,18.225000000000005,13.565,22.215000000000003,forecast
2026-08-26,2026-09-03,18.090000000000007,12.645,23.605000000000004,forecast
2026-08-26,2026-09-04,21.0,14.710000000000004,27.49,forecast
2026-08-26,2026-09-05,22.85,16.635000000000005,29.545,forecast
2026-08-26,2026-09-06,22.640000000000004,17.685000000000002,28.01,forecast
2026-08-26,2026-09-07,21.36500000000001,16.080000000000002,26.610000000000003,forecast
2026-08-26,2026-09-08,21.110000000000003,15.795,26.680000000000003,forecast
2026-08-26,2026-09-09,21.475000000000005,15.05,28.200000000000003,forecast
2026-08-26,2026-09-10,23.97000000000001,18.335000000000004,31.430000000000003,forecast
2026-08-26,2026-09-11,17.965555555555557,13.753444444444446,22.87544444444445,climatology
2026-08-26,2026-09-12,17.836333333333336,13.553333333333336,22.84266666666667,climatology
2026-08-26,2026-09-13,17.82433333333334,13.556222222222225,22.84311111111112,climatology
2026-08-26,2026-09-14,17.620111111111115,13.446111111111112,22.51211111111112,climatology
2026-08-26,2026-09-15,17.231888888888893,13.201333333333332,21.971666666666668,climatology
2026-08-26,2026-09-16,16.773555555555557,12.855111111111112,21.393000000000004,climatology
2026-08-26,2026-09-17,16.388,12.563666666666668,20.93055555555556,climatology
2026-08-26,2026-09-18,16.053888888888892,12.269333333333336,20.578000000000003,climatology
2026-08-26,2026-09-19,15.827333333333335,12.043666666666669,20.345333333333336,climatology
2026-08-26,2026-09-20,15.760222222222223,11.927222222222223,20.328222222222223,climatology
2026-08-26,2026-09-21,15.746111111111112,11.85377777777778,20.34188888888889,climatology
2026-08-26,2026-09-22,15.682222222222222,11.794333333333334,20.22555555555556,climatology
2026-08-26,2026-09-23,15.491222222222222,11.611888888888892,20.043222222222223,climatology
2026-08-26,2026-09-24,15.455444444444446,11.547222222222222,20.016888888888893,climatology
2026-08-31,2026-08-31,19.995,16.71,24.305,forecast
2026-08-31,2026-09-01,19.22,13.4,24.64,forecast
2026-08-31,2026-09-02,19.315000000000005,13.175,24.47,forecast
2026-08-31,2026-09-03,20.475,14.07,27.035,forecast
2026-08-31,2026-09-04,22.130000000000003,14.685,29.675,forecast
2026-08-31,2026-09-05,20.82,14.489999999999998,26.65,forecast
2026-08-31,2026-09-06,21.4,14.695000000000002,28.865,forecast
2026-08-31,2026-09-07,22.895,16.584999999999997,28.725,forecast
2026-08-31,2026-09-08,22.44,18.295,26.885,forecast
2026-08-31,2026-09-09,19.98,16.845,23.605,forecast
2026-08-31,2026-09-10,17.619999999999997,15.444999999999997,20.275,forecast
2026-08-31,2026-09-11,16.95,14.3,19.425,forecast
2026-08-31,2026-09-12,16.175,12.61,20.095,forecast
2026-08-31,2026-09-13,15.044999999999998,13.079999999999998,17.604999999999997,forecast
2026-08-31,2026-09-14,13.405,11.965,15.115,forecast
2026-08-31,2026-09-15,18.355,12.02,26.23,forecast
2026-08-31,2026-09-16,16.773555555555554,12.85511111111111,21.393,climatology
2026-08-31,2026-09-17,16.387999999999998,12.563666666666666,20.93055555555556,climatology
2026-08-31,2026-09-18,16.05388888888889,12.269333333333332,20.578,climatology
2026-08-31,2026-09-19,15.827333333333332,12.043666666666663,20.345333333333333,climatology
2026-08-31,2026-09-20,15.760222222222223,11.92722222222222,20.32822222222222,climatology
2026-08-31,2026-09-21,15.74611111111111,11.85377777777778,20.34188888888889,climatology
2026-08-31,2026-09-22,15.68222222222222,11.794333333333334,20.225555555555555,climatology
2026-08-31,2026-09-23,15.49122222222222,11.611888888888888,20.043222222222223,climatology
2026-08-31,2026-09-24,15.455444444444444,11.54722222222222,20.01688888888889,climatology
2026-08-31,2026-09-25,15.357333333333337,11.443444444444443,19.906222222222222,climatology
2026-08-31,2026-09-26,15.17211111111111,11.292333333333332,19.618111111111112,climatology
2026-08-31,2026-09-27,14.841666666666669,11.040333333333333,19.13988888888889,climatology
2026-08-31,2026-09-28,14.359222222222222,10.575555555555557,18.622666666666664,climatology
2026-08-31,2026-09-29,14.073666666666666,10.18222222222222,18.43477777777778,climatology
2026-09-03,2026-09-03,21.295,14.51,27.775,forecast
2026-09-03,2026-09-04,22.93,17.04,29.475,forecast
2026-09-03,2026-09-05,21.28,14.964999999999998,27.375,forecast
2026-09-03,2026-09-06,23.495,14.72,33.3,forecast
2026-09-03,2026-09-07,23.74,18.595,29.035,forecast
2026-09-03,2026-09-08,18.45,14.53,22.355,forecast
2026-09-03,2026-09-09,15.485,10.575,20.635,forecast
2026-09-03,2026-09-10,15.760000000000002,11.8,20.395,forecast
2026-09-03,2026-09-11,18.545,14.77,22.665,forecast
2026-09-03,2026-09-12,18.21,15.145,21.815,forecast
2026-09-03,2026-09-13,16.214999999999996,12.575,20.129999999999995,forecast
2026-09-03,2026-09-14,15.465,10.6,20.225,forecast
2026-09-03,2026-09-15,16.085,10.555,21.925,forecast
2026-09-03,2026-09-16,16.369999999999997,12.159999999999998,21.18,forecast
2026-09-03,2026-09-17,15.284999999999998,10.37,20.125,forecast
2026-09-03,2026-09-18,16.79,13.66,20.635,forecast
2026-09-03,2026-09-19,15.827333333333332,12.043666666666669,20.34533333333333,climatology
2026-09-03,2026-09-20,15.760222222222223,11.927222222222223,20.32822222222222,climatology
2026-09-03,2026-09-21,15.74611111111111,11.853777777777776,20.34188888888889,climatology
2026-09-03,2026-09-22,15.682222222222224,11.794333333333334,20.22555555555555,climatology
2026-09-03,2026-09-23,15.49122222222222,11.611888888888888,20.043222222222223,climatology
2026-09-03,2026-09-24,15.455444444444444,11.54722222222222,20.01688888888889,climatology
2026-09-03,2026-09-25,15.357333333333331,11.443444444444443,19.906222222222222,climatology
2026-09-03,2026-09-26,15.17211111111111,11.292333333333332,19.61811111111111,climatology
2026-09-03,2026-09-27,14.841666666666669,11.040333333333333,19.139888888888887,climatology
2026-09-03,2026-09-28,14.35922222222222,10.575555555555557,18.622666666666664,climatology
2026-09-03,2026-09-29,14.073666666666668,10.182222222222222,18.43477777777777,climatology
2026-09-03,2026-09-30,14.026111111111112,10.027,18.500222222222224,climatology
2026-09-03,2026-10-01,14.144666666666666,10.03488888888889,18.76922222222222,climatology
2026-09-03,2026-10-02,14.29588888888889,10.133111111111113,18.96966666666667,climatology
2026-09-07,2026-09-07,23.61,18.67,29.945,forecast
2026-09-07,2026-09-08,20.915,15.985,26.245,forecast
2026-09-07,2026-09-09,16.65,12.305,20.9,forecast
2026-09-07,2026-09-10,15.775,9.55,21.715,forecast
2026-09-07,2026-09-11,16.080000000000002,11.805,20.96,forecast
2026-09-07,2026-09-12,18.045,11.85,24.315,forecast
2026-09-07,2026-09-13,18.815,11.995,25.595,forecast
2026-09-07,2026-09-14,20.129999999999995,15.614999999999998,24.965,forecast
2026-09-07,2026-09-15,18.805,14.315,23.475,forecast
2026-09-07,2026-09-16,16.84,12.64,21.21,forecast
2026-09-07,2026-09-17,15.61,10.725,20.37,forecast
2026-09-07,2026-09-18,15.765,12.4,19.69,forecast
2026-09-07,2026-09-19,14.305,8.905000000000001,19.77,forecast
2026-09-07,2026-09-20,16.095,9.64,22.55,forecast
2026-09-07,2026-09-21,18.005,14.29,22.31,forecast
2026-09-07,2026-09-22,20.200000000000003,13.855,28.630000000000003,forecast
2026-09-07,2026-09-23,15.49122222222222,11.61188888888889,20.043222222222223,climatology
2026-09-07,2026-09-24,15.455444444444444,11.547222222222222,20.01688888888889,climatology
2026-09-07,2026-09-25,15.357333333333331,11.443444444444443,19.906222222222222,climatology
2026-09-07,2026-09-26,15.17211111111111,11.292333333333332,19.61811111111111,climatology
2026-09-07,2026-09-27,14.841666666666669,11.040333333333333,19.139888888888887,climatology
2026-09-07,2026-09-28,14.35922222222222,10.575555555555557,18.622666666666664,climatology
2026-09-07,2026-09-29,14.073666666666668,10.18222222222222,18.43477777777778,climatology
2026-09-07,2026-09-30,14.026111111111112,10.027,18.500222222222224,climatology
2026-09-07,2026-10-01,14.144666666666666,10.034888888888888,18.769222222222226,climatology
2026-09-07,2026-10-02,14.29588888888889,10.133111111111113,18.96966666666667,climatology
2026-09-07,2026-10-03,14.385666666666667,10.182888888888888,19.106333333333332,climatology
2026-09-07,2026-10-04,14.401777777777776,10.168333333333331,19.201666666666664,climatology
2026-09-07,2026-10-05,14.326888888888888,10.131333333333332,19.148444444444443,climatology
2026-09-07,2026-10-06,14.352,10.148444444444443,19.20855555555556,climatology
2026-09-14,2026-09-14,21.485,14.605,29.099999999999998,forecast
2026-09-14,2026-09-15,21.96,14.69,29.825,forecast
2026-09-14,2026-09-16,17.605,13.749999999999998,22.284999999999997,forecast
2026-09-14,2026-09-17,15.524999999999999,10.605,19.819999999999997,forecast
2026-09-14,2026-09-18,16.425,11.89,21.169999999999998,forecast
2026-09-14,2026-09-19,17.79,11.97,24.509999999999998,forecast
2026-09-14,2026-09-20,19.285,14.565,24.665,forecast
2026-09-14,2026-09-21,19.880000000000003,15.94,24.744999999999997,forecast
2026-09-14,2026-09-22,20.755000000000003,14.79,26.825,forecast
2026-09-14,2026-09-23,21.89,15.8,28.284999999999997,forecast
2026-09-14,2026-09-24,21.91,15.415,28.57,forecast
2026-09-14,2026-09-25,21.544999999999998,15.614999999999998,27.845,forecast
2026-09-14,2026-09-26,16.575,12.985,20.47,forecast
2026-09-14,2026-09-27,16.395,12.57,20.33,forecast
2026-09-14,2026-09-28,18.49,15.31,21.314999999999998,forecast
2026-09-14,2026-09-29,18.755,11.465,27.86,forecast
2026-09-14,2026-09-30,14.026111111111112,10.027,18.500222222222224,climatology
2026-09-14,2026-10-01,14.144666666666666,10.034888888888888,18.769222222222222,climatology
2026-09-14,2026-10-02,14.29588888888889,10.133111111111111,18.969666666666665,climatology
2026-09-14,2026-10-03,14.385666666666669,10.182888888888888,19.106333333333332,climatology
2026-09-14,2026-10-04,14.401777777777777,10.168333333333333,19.201666666666668,climatology
2026-09-14,2026-10-05,14.32688888888889,10.131333333333332,19.148444444444443,climatology
2026-09-14,2026-10-06,14.352,10.148444444444443,19.208555555555556,climatology
2026-09-14,2026-10-07,14.316333333333331,10.117555555555555,19.207666666666665,climatology
2026-09-14,2026-10-08,14.261666666666663,10.119444444444444,19.11377777777778,climatology
2026-09-14,2026-10-09,14.105333333333332,10.017111111111111,18.915666666666667,climatology
2026-09-14,2026-10-10,14.009444444444442,9.988111111111111,18.797555555555554,climatology
2026-09-14,2026-10-11,14.000333333333332,10.040222222222223,18.819111111111113,climatology
2026-09-14,2026-10-12,14.074333333333332,10.178444444444445,18.851555555555553,climatology
2026-09-14,2026-10-13,14.220222222222223,10.44588888888889,18.855222222222224,climatology
2026-09-25,2026-09-25,19.37,11.075000000000001,28.970000000000002,forecast
2026-09-25,2026-09-26,18.19,12.150000000000002,24.840000000000007,forecast
2026-09-25,2026-09-27,19.480000000000004,12.015000000000002,28.215000000000003,forecast
2026-09-25,2026-09-28,20.695000000000004,15.729999999999999,26.070000000000004,forecast
2026-09-25,2026-09-29,22.590000000000003,17.265000000000004,29.005000000000003,forecast
2026-09-25,2026-09-30,22.135000000000005,19.205000000000005,26.285000000000004,forecast
2026-09-25,2026-10-01,17.755000000000003,14.535,20.235000000000003,forecast
2026-09-25,2026-10-02,14.88,10.97,19.285,forecast
2026-09-25,2026-10-03,15.790000000000001,10.83,21.665,forecast
2026-09-25,2026-10-04,16.560000000000002,11.785000000000002,22.330000000000005,forecast
2026-09-25,2026-10-05,15.48,11.070000000000002,20.140000000000004,forecast
2026-09-25,2026-10-06,14.200000000000001,10.070000000000002,18.985000000000003,forecast
2026-09-25,2026-10-07,12.385000000000002,7.5150000000000015,17.765000000000004,forecast
2026-09-25,2026-10-08,12.190000000000003,7.440000000000002,17.180000000000003,forecast
2026-09-25,2026-10-09,12.790000000000003,8.415000000000001,17.340000000000007,forecast
2026-09-25,2026-10-10,15.740000000000002,10.655000000000003,24.720000000000002,forecast
2026-09-25,2026-10-11,14.000333333333336,10.040222222222225,18.819111111111116,climatology
2026-09-25,2026-10-12,14.074333333333334,10.178444444444446,18.851555555555557,climatology
2026-09-25,2026-10-13,14.220222222222224,10.445888888888891,18.855222222222228,climatology
2026-09-25,2026-10-14,14.312111111111111,10.702222222222224,18.775333333333336,climatology
2026-09-25,2026-10-15,14.318111111111113,10.823444444444446,18.631111111111114,climatology
2026-09-25,2026-10-16,14.098555555555555,10.671555555555557,18.278888888888893,climatology
2026-09-25,2026-10-17,13.786444444444445,10.422555555555556,17.907111111111117,climatology
2026-09-25,2026-10-18,13.570222222222224,10.283111111111113,17.60666666666667,climatology
2026-09-25,2026-10-19,13.384888888888892,10.216666666666669,17.257,climatology
2026-09-25,2026-10-20,13.234666666666667,10.182444444444446,16.961000000000002,climatology
2026-09-25,2026-10-21,13.060444444444446,10.111444444444448,16.66988888888889,climatology
2026-09-25,2026-10-22,12.973777777777778,10.100555555555557,16.509333333333338,climatology
2026-09-25,2026-10-23,12.92977777777778,10.093333333333334,16.399666666666672,climatology
2026-09-25,2026-10-24,12.888555555555557,10.085222222222225,16.310000000000002,climatology
