ds,temp,temp_min,temp_max
2023-01-01,12.485,10.945,15.035
2023-01-02,10.235,6.729999999999999,13.229999999999999
2023-01-03,7.29,4.965,10.034999999999998
2023-01-04,9.07,6.9350000000000005,11.02
2023-01-05,10.565,8.725000000000001,12.0
2023-01-06,9.89,8.459999999999999,11.83
2023-01-07,8.815000000000001,6.234999999999999,11.135
2023-01-08,8.690000000000001,7.509999999999999,10.190000000000001
2023-01-09,6.4,4.7700000000000005,8.42
2023-01-10,6.3500000000000005,2.9699999999999998,10.105
2023-01-11,8.83,6.485,11.02
2023-01-12,8.959999999999999,7.01,10.95
2023-01-13,8.58,6.555,10.840000000000002
2023-01-14,8.635000000000002,5.75,11.069999999999999
2023-01-15,6.379999999999999,3.9249999999999994,9.49
2023-01-16,4.77,1.5,6.88
2023-01-17,2.4799999999999995,0.15000000000000013,4.465
2023-01-18,1.095,-1.35,3.685
2023-01-19,0.5900000000000001,-2.155,3.84
2023-01-20,0.645,-1.8599999999999999,3.965
2023-01-21,0.75,-1.96,3.5
2023-01-22,-0.5249999999999999,-2.74,1.64
2023-01-23,0.925,-1.315,2.995
2023-01-24,2.15,-0.09000000000000002,4.42
2023-01-25,1.7,0.22499999999999998,3.255
2023-01-26,1.99,-0.6400000000000001,3.8999999999999995
2023-01-27,3.0749999999999997,1.59,4.885
2023-01-28,2.41,-0.13000000000000003,4.164999999999999
2023-01-29,0.8,-2.09,4.08
2023-01-30,2.53,-0.5800000000000001,5.4350000000000005
2023-01-31,3.8349999999999995,1.03,6.879999999999999
2023-02-01,5.895,4.154999999999999,8.419999999999998
2023-02-02,5.709999999999999,3.1849999999999996,8.82
2023-02-03,6.075,3.5149999999999997,9.004999999999999
2023-02-04,7.015,4.955,9.84
2023-02-05,6.574999999999999,4.51,8.875
2023-02-06,3.92,1.355,7.43
2023-02-07,2.235,-0.47500000000000003,6.7
2023-02-08,1.395,-2.235,6.985
2023-02-09,1.4,-3.365,6.95
2023-02-10,2.3499999999999996,-1.4949999999999999,7.59
2023-02-11,3.045,-1.515,9.41
2023-02-12,4.930000000000001,1.435,10.575
2023-02-13,4.765,-0.395,11.620000000000001
2023-02-14,5.135,0.20500000000000002,12.92
2023-02-15,5.5649999999999995,1.105,11.73
2023-02-16,6.539999999999999,1.58,11.454999999999998
2023-02-17,9.630000000000003,6.789999999999999,13.535
2023-02-18,9.79,7.119999999999999,12.995000000000001
2023-02-19,8.71,5.38,11.934999999999999
2023-02-20,6.91,2.25,13.100000000000001
2023-02-21,7.915,2.6050000000000004,15.07
2023-02-22,8.084999999999999,5.425,11.05
2023-02-23,7.3549999999999995,5.004999999999999,10.215
2023-02-24,6.879999999999999,4.3100000000000005,9.975
2023-02-25,4.92,1.285,7.81
2023-02-26,2.085,-0.585,4.53
2023-02-27,1.62,-1.1999999999999997,5.525
2023-02-28,1.0150000000000001,-1.98,4.505
2023-03-01,1.7400000000000002,-2.23,6.8
2023-03-02,2.73,-1.3049999999999997,8.195
2023-03-03,3.7449999999999997,-0.17000000000000004,9.274999999999999
2023-03-04,3.75,-0.2549999999999999,8.325
2023-03-05,4.2,1.315,7.73
2023-03-06,3.3499999999999996,-0.08000000000000002,7.175000000000001
2023-03-07,4.1899999999999995,0.99,7.6049999999999995
2023-03-08,8.39,3.775,12.91
2023-03-09,10.450000000000001,7.82,14.479999999999999
2023-03-10,8.34,5.395,11.299999999999999
2023-03-11,6.81,4.4750000000000005,9.845
2023-03-12,10.405000000000001,7.579999999999999,13.89
2023-03-13,12.52,9.35,17.555
2023-03-14,8.620000000000001,4.62,11.219999999999999
2023-03-15,6.215,2.52,10.629999999999999
2023-03-16,9.540000000000001,4.130000000000001,16.075
2023-03-17,11.200000000000001,7.635,16.105
2023-03-18,10.255,6.84,14.26
2023-03-19,9.325,6.41,12.434999999999999
2023-03-20,8.09,2.84,12.79
2023-03-21,10.14,6.175,15.184999999999999
2023-03-22,10.864999999999998,7.24,14.925
2023-03-23,12.354999999999999,9.86,15.575
2023-03-24,11.620000000000001,8.780000000000001,14.505
2023-03-25,9.98,7.049999999999999,13.740000000000002
2023-03-26,9.275,7.079999999999999,12.195
2023-03-27,6.795,2.54,10.06
2023-03-28,6.904999999999999,1.23,12.69
2023-03-29,12.825,7.165,19.58
2023-03-30,13.069999999999999,10.635,16.17
2023-03-31,11.39,8.85,14.379999999999999
2023-04-01,9.37,7.3,12.615
2023-04-02,8.22,5.495,10.809999999999999
2023-04-03,7.295000000000001,3.655,11.09
2023-04-04,5.829999999999999,1.135,11.055
2023-04-05,6.389999999999999,-0.355,12.625
2023-04-06,8.545,4.62,12.989999999999998
2023-04-07,8.495000000000001,3.615,14.265
2023-04-08,9.32,4.15,14.79
2023-04-09,11.18,5.64,17.474999999999998
2023-04-10,11.705,6.8999999999999995,16.535
2023-04-11,10.66,8.035,13.649999999999999
2023-04-12,9.795,6.805,12.745
2023-04-13,7.6450000000000005,4.51,11.605
2023-04-14,7.629999999999999,3.485,12.5
2023-04-15,9.62,6.92,13.435
2023-04-16,8.94,5.114999999999999,13.254999999999999
2023-04-17,9.9,5.72,14.89
2023-04-18,10.48,6.365,14.770000000000001
2023-04-19,12.445,7.17,18.115
2023-04-20,9.98,5.61,14.45
2023-04-21,10.155000000000001,4.68,16.055000000000003
2023-04-22,11.904999999999998,8.184999999999999,16.265
2023-04-23,11.585,8.579999999999998,15.38
2023-04-24,10.434999999999999,7.450000000000001,14.07
2023-04-25,9.65,6.975,12.615
2023-04-26,10.645,6.935,14.845
2023-04-27,13.379999999999999,7.655,18.01
2023-04-28,16.165,12.635000000000002,20.98
2023-04-29,14.085,10.469999999999999,18.05
2023-04-30,13.435,9.545,17.585
2023-05-01,13.129999999999999,9.975000000000001,17.235
2023-05-02,12.985,7.339999999999999,18.5
2023-05-03,14.475000000000001,8.465,20.770000000000003
2023-05-04,16.119999999999997,11.134999999999998,21.834999999999997
2023-05-05,14.975000000000001,11.235,18.85
2023-05-06,15.84,10.85,21.189999999999998
2023-05-07,15.259999999999998,11.84,19.314999999999998
2023-05-08,14.55,10.605,18.575
2023-05-09,14.174999999999999,11.795,17.315
2023-05-10,12.25,9.82,15.475
2023-05-11,11.899999999999999,8.53,15.625
2023-05-12,11.645,7.625,15.895000000000001
2023-05-13,13.724999999999998,9.995,18.075
2023-05-14,13.85,8.8,18.79
2023-05-15,13.235,9.765,17.189999999999998
2023-05-16,11.57,8.26,15.325000000000001
2023-05-17,11.51,7.11,15.879999999999999
2023-05-18,12.214999999999998,7.579999999999999,16.96
2023-05-19,13.24,7.84,18.375
2023-05-20,14.684999999999999,10.26,19.380000000000003
2023-05-21,15.964999999999998,11.55,20.97
2023-05-22,16.485,11.545,21.415
2023-05-23,16.22,12.229999999999999,20.45
2023-05-24,14.695,10.045,19.945
2023-05-25,14.885,10.0,20.095
2023-05-26,17.3,11.235,23.255
2023-05-27,18.814999999999998,12.88,24.89
2023-05-28,19.585,13.909999999999998,25.505000000000003
2023-05-29,19.145,13.510000000000002,25.095
2023-05-30,18.4,12.79,24.405
2023-05-31,18.96,12.81,24.924999999999997
2023-06-01,20.135,14.16,26.134999999999998
2023-06-02,17.7,11.889999999999999,23.160000000000004
2023-06-03,18.27,11.93,24.49
2023-06-04,19.345000000000002,13.959999999999999,25.219999999999995
2023-06-05,19.97,13.53,25.95
2023-06-06,19.845,13.725,25.199999999999996
2023-06-07,20.89,15.044999999999998,26.49
2023-06-08,21.310000000000002,15.574999999999998,26.404999999999998
2023-06-09,21.669999999999998,17.085,26.464999999999996
2023-06-10,20.86,15.955,25.895
2023-06-11,21.205,16.505,26.255
2023-06-12,20.74,15.194999999999999,26.520000000000003
2023-06-13,20.825000000000003,15.93,26.205
2023-06-14,21.62,15.535,27.369999999999997
2023-06-15,21.215,15.35,26.415
2023-06-16,21.650000000000002,15.04,27.380000000000003
2023-06-17,22.905,16.155,28.505000000000003
2023-06-18,21.369999999999997,17.67,25.504999999999995
2023-06-19,20.575,15.765000000000002,25.5
2023-06-20,21.384999999999998,17.22,26.205
2023-06-21,21.6,16.435,26.355000000000004
2023-06-22,20.56,17.91,23.794999999999998
2023-06-23,20.209999999999997,14.03,25.795
2023-06-24,22.365,16.025,28.249999999999996
2023-06-25,23.96,16.575,30.654999999999998
2023-06-26,20.775000000000002,16.424999999999997,24.669999999999998
2023-06-27,19.65,13.565000000000001,25.165
2023-06-28,20.604999999999997,14.51,25.965
2023-06-29,20.94,16.305,25.950000000000003
2023-06-30,18.134999999999998,14.719999999999999,21.430000000000003
2023-07-01,18.47,15.77,21.915
2023-07-02,18.595,14.659999999999998,22.56
2023-07-03,18.665,14.549999999999999,22.605
2023-07-04,18.315,13.08,23.51
2023-07-05,17.509999999999998,13.2,21.309999999999995
2023-07-06,19.035,12.299999999999999,25.12
2023-07-07,22.655,15.32,29.935
2023-07-08,24.310000000000002,17.835,30.244999999999997
2023-07-09,23.665,19.47,28.32
2023-07-10,22.939999999999998,16.759999999999998,28.759999999999998
2023-07-11,23.71,17.630000000000003,30.235
2023-07-12,20.400000000000002,16.599999999999998,24.34
2023-07-13,19.125,13.575000000000001,23.724999999999998
2023-07-14,21.759999999999998,14.315,29.334999999999997
2023-07-15,21.165,17.965,24.215000000000003
2023-07-16,19.305,14.54,23.53
2023-07-17,19.725,14.195,24.435000000000002
2023-07-18,22.495,15.79,29.275
2023-07-19,20.799999999999997,15.669999999999998,25.259999999999998
2023-07-20,19.68,13.98,24.650000000000002
2023-07-21,19.415,15.264999999999999,24.165
2023-07-22,19.15,12.47,25.265
2023-07-23,20.465,16.035,25.559999999999995
2023-07-24,20.194999999999997,16.785,24.525000000000002
2023-07-25,17.355,14.245,20.705
2023-07-26,17.31,11.705,22.37
2023-07-27,19.479999999999997,15.46,23.714999999999996
2023-07-28,20.3,17.205,24.83
2023-07-29,20.43,17.02,25.43
2023-07-30,18.490000000000002,14.385,22.65
2023-07-31,18.855,14.844999999999999,23.245
2023-08-01,19.005,15.575,22.205000000000002
2023-08-02,19.535,16.584999999999997,22.865
2023-08-03,17.235,15.204999999999998,20.119999999999997
2023-08-04,16.88,14.165,20.625
2023-08-05,16.06,11.59,20.824999999999996
2023-08-06,16.01,12.754999999999999,19.53
2023-08-07,16.125,10.79,21.194999999999997
2023-08-08,18.015,12.235,23.445
2023-08-09,19.644999999999996,14.25,25.400000000000002
2023-08-10,21.575000000000003,15.665,27.725
2023-08-11,22.075000000000003,16.69,27.455
2023-08-12,21.525000000000002,17.625,25.494999999999997
2023-08-13,20.485,16.255,25.104999999999997
2023-08-14,21.235,15.799999999999999,27.18
2023-08-15,21.060000000000002,17.185,25.099999999999998
2023-08-16,21.73,17.255,27.360000000000003
2023-08-17,23.130000000000003,18.15,28.695
2023-08-18,24.900000000000002,19.985,31.114999999999995
2023-08-19,24.64,19.76,29.255
2023-08-20,24.57,18.52,30.659999999999997
2023-08-21,24.740000000000002,18.88,30.620000000000005
2023-08-22,25.105,19.44,31.005
2023-08-23,25.875000000000004,19.505,32.655
2023-08-24,25.734999999999996,21.259999999999998,31.834999999999997
2023-08-25,21.515,17.905,25.224999999999998
2023-08-26,17.875,14.5,22.045
2023-08-27,16.685000000000002,12.965,20.37
2023-08-28,16.325,12.739999999999998,20.025000000000002
2023-08-29,15.969999999999999,11.46,20.11
2023-08-30,15.945,12.27,20.105
2023-08-31,16.025,11.93,20.41
2023-09-01,18.845,15.015,23.51
2023-09-02,20.675,15.879999999999999,26.374999999999996
2023-09-03,22.765,17.155,29.264999999999997
2023-09-04,24.13,18.275,30.845
2023-09-05,24.429999999999996,18.235,31.134999999999998
2023-09-06,23.905,18.13,30.185000000000002
2023-09-07,23.985,17.42,31.284999999999997
2023-09-08,24.395000000000003,17.93,31.025
2023-09-09,24.305,17.79,31.445
2023-09-10,24.2,18.124999999999996,30.529999999999998
2023-09-11,23.244999999999997,18.745,28.924999999999997
2023-09-12,19.94,16.71,24.294999999999998
2023-09-13,18.695,15.219999999999999,22.755000000000003
2023-09-14,18.72,13.995,23.939999999999998
2023-09-15,19.814999999999998,13.895,26.43
2023-09-16,20.154999999999998,16.869999999999997,25.435
2023-09-17,21.009999999999998,16.91,27.125
2023-09-18,18.84,15.42,22.865
2023-09-19,17.2,13.715,21.595
2023-09-20,18.775,14.669999999999998,23.865000000000002
2023-09-21,17.055,13.975,19.769999999999996
2023-09-22,14.04,11.2,17.99
2023-09-23,13.145,9.469999999999999,17.3
2023-09-24,13.665,7.9399999999999995,19.99
2023-09-25,15.745000000000001,9.63,22.770000000000003
2023-09-26,17.465,11.774999999999999,24.155
2023-09-27,18.32,12.415,24.764999999999997
2023-09-28,18.665,13.575,23.46
2023-09-29,18.705,14.35,22.06
2023-09-30,16.82,11.969999999999999,21.995
2023-10-01,18.44,12.559999999999999,25.484999999999996
2023-10-02,20.299999999999997,13.675,27.205
2023-10-03,18.049999999999997,12.844999999999999,21.33
2023-10-04,13.565,8.829999999999998,18.495
2023-10-05,13.744999999999997,8.64,19.32
2023-10-06,14.16,8.315,21.06
2023-10-07,15.085,8.63,22.52
2023-10-08,17.36,10.885,25.330000000000002
2023-10-09,17.585,11.024999999999999,24.979999999999997
2023-10-10,17.575,11.014999999999999,25.47
2023-10-11,17.28,11.659999999999998,23.84
2023-10-12,18.515,15.060000000000002,23.165
2023-10-13,19.9,16.169999999999998,25.089999999999996
2023-10-14,14.925,10.845,19.82
2023-10-15,10.405000000000001,7.095,14.11
2023-10-16,10.135,5.6899999999999995,15.36
2023-10-17,12.77,8.215,18.43
2023-10-18,16.0,13.085,20.270000000000003
2023-10-19,16.52,14.565,19.455000000000002
2023-10-20,14.575000000000001,12.99,16.745
2023-10-21,12.544999999999998,10.555,14.679999999999996
2023-10-22,11.93,8.505,15.51
2023-10-23,11.77,9.095,14.555
2023-10-24,12.29,9.534999999999998,15.25
2023-10-25,12.714999999999998,10.635,15.1
2023-10-26,12.8,10.905,14.78
2023-10-27,11.599999999999998,9.98,13.954999999999998
2023-10-28,12.03,9.425,15.175
2023-10-29,13.215,11.18,15.764999999999999
2023-10-30,12.14,9.465,14.620000000000001
2023-10-31,11.114999999999998,7.97,14.32
2023-11-01,11.675,9.785,14.829999999999998
2023-11-02,10.995,8.0,13.089999999999998
2023-11-03,7.66,5.254999999999999,10.465
2023-11-04,9.605,7.22,11.985
2023-11-05,10.425,8.7,12.594999999999999
2023-11-06,8.98,7.2,11.795
2023-11-07,8.11,5.419999999999999,11.53
2023-11-08,8.865,5.675000000000001,12.694999999999999
2023-11-09,9.465,7.705,11.485
2023-11-10,8.405000000000001,6.319999999999999,11.169999999999998
2023-11-11,7.4799999999999995,4.46,10.549999999999999
2023-11-12,9.92,6.655,13.355
2023-11-13,13.37,10.775,15.935
2023-11-14,12.46,10.59,14.66
2023-11-15,10.465,8.345,12.809999999999999
2023-11-16,9.7,7.395,12.419999999999998
2023-11-17,8.360000000000001,6.205,10.790000000000001
2023-11-18,9.63,6.629999999999999,13.265
2023-11-19,12.135,9.19,14.915000000000001
2023-11-20,10.34,8.585,12.499999999999998
2023-11-21,9.105,7.34,11.315
2023-11-22,7.255,3.8600000000000003,9.37
2023-11-23,7.175,3.0349999999999997,10.445
2023-11-24,8.555,5.565,10.51
2023-11-25,3.745,1.025,6.845
2023-11-26,2.535,-0.19999999999999984,5.949999999999999
2023-11-27,5.13,2.3200000000000003,8.459999999999999
2023-11-28,5.1,1.6050000000000004,8.175
2023-11-29,2.985,-0.09000000000000002,6.445
2023-11-30,4.8950000000000005,2.54,7.67
2023-12-01,4.105,0.9300000000000002,5.915
2023-12-02,-0.475,-3.775,2.81
2023-12-03,0.64,-3.275,4.28
2023-12-04,5.359999999999999,1.6099999999999997,8.450000000000001
2023-12-05,5.784999999999999,3.62,7.925
2023-12-06,3.4199999999999995,-0.30500000000000005,6.135
2023-12-07,3.825,1.5099999999999996,6.455
2023-12-08,7.235,5.4399999999999995,9.555
2023-12-09,8.545,5.895,12.12
2023-12-10,9.089999999999998,6.305,12.479999999999999
2023-12-11,10.895,9.315,12.559999999999999
2023-12-12,10.534999999999998,8.82,12.455
2023-12-13,8.25,6.395,9.895
2023-12-14,6.405,4.91,7.639999999999999
2023-12-15,6.39,3.505,8.85
2023-12-16,4.1850000000000005,1.045,8.01
2023-12-17,2.42,-0.8099999999999999,7.005
2023-12-18,2.2699999999999996,-0.47,6.37
2023-12-19,4.380000000000001,1.6349999999999998,7.88
2023-12-20,6.4350000000000005,4.22,8.215
2023-12-21,8.965,7.03,10.66
2023-12-22,9.245,7.765,10.594999999999999
2023-12-23,8.379999999999999,7.23,10.125
2023-12-24,8.895,7.090000000000001,11.17
2023-12-25,8.55,6.96,10.7
2023-12-26,7.535,6.02,9.629999999999999
2023-12-27,7.195000000000001,4.565,10.655
2023-12-28,8.625,6.909999999999999,10.585
2023-12-29,8.76,6.92,11.144999999999998
2023-12-30,8.33,6.25,10.989999999999998
2023-12-31,8.0,5.694999999999999,9.97
2024-01-01,6.5600000000000005,4.119999999999999,9.195
2024-01-02,8.88,7.015,10.25
2024-01-03,8.965,7.429999999999999,10.739999999999998
2024-01-04,7.845,5.53,10.53
2024-01-05,6.550000000000001,3.825,8.75
2024-01-06,4.25,2.545,6.5
2024-01-07,3.4400000000000004,2.0549999999999997,4.93
2024-01-08,-0.3349999999999998,-2.62,2.175
2024-01-09,-1.9200000000000002,-3.4600000000000004,0.05500000000000005
2024-01-10,-1.23,-3.135,1.6599999999999997
2024-01-11,-0.16500000000000004,-2.74,3.955
2024-01-12,0.135,-2.7199999999999998,2.8049999999999997
2024-01-13,-1.0549999999999997,-2.5999999999999996,1.6150000000000002
2024-01-14,-0.8649999999999998,-2.8899999999999997,2.625
2024-01-15,1.0750000000000002,-2.725,5.205
2024-01-16,0.3350000000000002,-2.6550000000000002,4.7
2024-01-17,5.645,1.6,10.74
2024-01-18,3.0949999999999998,-1.4549999999999996,6.055
2024-01-19,-0.96,-3.5650000000000004,2.74
2024-01-20,-2.13,-5.39,3.02
2024-01-21,2.505,-2.455,7.715
2024-01-22,7.77,5.089999999999999,10.235
2024-01-23,7.8999999999999995,4.734999999999999,11.355
2024-01-24,11.059999999999999,8.895,13.499999999999998
2024-01-25,10.255,8.82,12.625
2024-01-26,8.65,2.99,11.229999999999999
2024-01-27,4.66,1.545,9.46
2024-01-28,6.3999999999999995,1.94,12.7
2024-01-29,8.284999999999998,4.735,12.924999999999999
2024-01-30,8.725,5.3549999999999995,12.46
2024-01-31,6.91,3.265,11.54
2024-02-01,8.27,4.585,11.124999999999998
2024-02-02,7.1049999999999995,3.96,10.094999999999999
2024-02-03,7.545,5.744999999999999,10.035
2024-02-04,7.2250000000000005,5.745,9.68
2024-02-05,6.5249999999999995,4.67,8.89
2024-02-06,7.414999999999999,5.255000000000001,9.825
2024-02-07,9.465,7.5600000000000005,11.7
2024-02-08,11.03,8.94,13.584999999999999
2024-02-09,10.924999999999999,9.18,12.795
2024-02-10,8.709999999999999,6.545,10.080000000000002
2024-02-11,7.525,5.094999999999999,10.379999999999999
2024-02-12,5.815,2.94,9.12
2024-02-13,5.895,1.705,10.794999999999998
2024-02-14,10.485,7.53,14.61
2024-02-15,11.57,8.09,16.294999999999998
2024-02-16,11.145,7.39,13.434999999999999
2024-02-17,8.42,4.765,12.440000000000001
2024-02-18,8.335,5.06,12.135
2024-02-19,9.855,8.26,11.86
2024-02-20,8.42,6.9399999999999995,10.754999999999999
2024-02-21,8.48,5.57,12.335
2024-02-22,9.975,5.945,12.729999999999999
2024-02-23,5.405,3.165,8.415
2024-02-24,4.379999999999999,1.71,8.385
2024-02-25,5.93,2.815,9.7
2024-02-26,7.859999999999999,6.105,10.32
2024-02-27,6.589999999999999,4.09,9.725
2024-02-28,5.4799999999999995,0.7699999999999999,9.915
2024-02-29,7.8549999999999995,4.005,11.945
2024-03-01,7.12,3.8949999999999996,10.105
2024-03-02,7.535,5.0249999999999995,11.035000000000002
2024-03-03,6.075,2.8800000000000003,9.525
2024-03-04,5.0600000000000005,0.5599999999999998,9.925
2024-03-05,6.14,3.5250000000000004,9.735
2024-03-06,5.53,1.92,9.775
2024-03-07,7.025,2.455,12.65
2024-03-08,7.359999999999999,3.4699999999999998,11.484999999999998
2024-03-09,8.34,5.4750000000000005,12.065
2024-03-10,7.36,4.895,11.105
2024-03-11,6.91,2.9,11.55
2024-03-12,8.495,5.475,11.915000000000001
2024-03-13,10.28,7.11,14.595
2024-03-14,10.844999999999999,5.55,16.979999999999997
2024-03-15,11.805,9.354999999999999,15.61
2024-03-16,11.309999999999999,8.175,14.530000000000001
2024-03-17,11.815,8.75,16.29
2024-03-18,12.254999999999999,8.315,15.905
2024-03-19,11.085,5.944999999999999,16.615
2024-03-20,12.600000000000001,7.204999999999999,19.294999999999998
2024-03-21,12.669999999999998,7.575,18.495
2024-03-22,12.805000000000001,7.555,18.34
2024-03-23,8.175,5.39,11.794999999999998
2024-03-24,6.99,4.345,10.575
2024-03-25,7.635,2.215,13.475
2024-03-26,8.709999999999999,5.955,10.895
2024-03-27,7.05,3.98,10.639999999999999
2024-03-28,8.71,5.015,12.17
2024-03-29,10.68,8.41,13.44
2024-03-30,9.780000000000001,7.0649999999999995,13.364999999999998
2024-03-31,9.76,7.099999999999999,13.999999999999998
2024-04-01,8.855,5.37,13.27
2024-04-02,9.865,6.319999999999999,13.904999999999998
2024-04-03,11.675,9.319999999999999,14.864999999999998
2024-04-04,13.19,10.325000000000001,17.185
2024-04-05,14.890000000000002,11.295,18.945
2024-04-06,16.89,12.165,22.68
2024-04-07,15.530000000000001,11.695,20.369999999999997
2024-04-08,14.68,8.795,21.34
2024-04-09,9.75,6.91,13.145
2024-04-10,9.145,4.92,13.51
2024-04-11,11.995,7.14,17.36
2024-04-12,14.325,8.12,20.825
2024-04-13,16.825,10.504999999999999,23.71
2024-04-14,15.719999999999999,10.175,21.310000000000002
2024-04-15,11.434999999999999,8.015,15.170000000000002
2024-04-16,9.085,6.630000000000001,12.209999999999999
2024-04-17,7.539999999999998,4.68,10.78
2024-04-18,7.029999999999999,3.085,11.405
2024-04-19,8.295,3.535,12.44
2024-04-20,7.625000000000001,4.52,10.825
2024-04-21,6.5,3.2399999999999998,10.180000000000001
2024-04-22,5.97,1.895,10.104999999999999
2024-04-23,5.959999999999999,1.01,10.645
2024-04-24,6.7749999999999995,2.98,10.265
2024-04-25,7.625,3.035,11.834999999999999
2024-04-26,9.24,5.31,13.75
2024-04-27,11.354999999999999,7.949999999999999,16.029999999999998
2024-04-28,11.54,8.57,14.65
2024-04-29,11.225000000000001,6.07,16.195
2024-04-30,13.169999999999998,8.34,18.225
2024-05-01,12.385000000000002,8.959999999999999,16.724999999999998
2024-05-02,10.67,8.834999999999999,13.23
2024-05-03,10.46,6.32,14.675
2024-05-04,10.670000000000002,6.6899999999999995,14.264999999999999
2024-05-05,13.495000000000001,10.18,17.509999999999998
2024-05-06,12.21,9.475,15.065
2024-05-07,12.504999999999999,8.155,17.134999999999998
2024-05-08,13.565000000000001,9.030000000000001,18.22
2024-05-09,14.035,8.32,19.740000000000002
2024-05-10,16.37,10.274999999999999,22.61
2024-05-11,17.865,11.655,24.02
2024-05-12,17.12,13.004999999999999,22.235
2024-05-13,16.0,11.67,20.735
2024-05-14,14.704999999999998,12.64,17.75
2024-05-15,13.29,10.615,16.975
2024-05-16,12.395,9.459999999999999,15.965
2024-05-17,12.82,8.84,17.255
2024-05-18,14.03,8.899999999999999,18.814999999999998
2024-05-19,14.475000000000001,9.755,19.21
2024-05-20,14.874999999999998,10.57,19.709999999999997
2024-05-21,14.495000000000001,11.629999999999999,18.355
2024-05-22,14.219999999999999,11.254999999999999,18.2
2024-05-23,13.53,9.57,17.979999999999997
2024-05-24,13.709999999999999,9.315,17.93
2024-05-25,14.72,9.219999999999999,20.065
2024-05-26,16.009999999999998,12.565,19.455
2024-05-27,14.09,10.719999999999999,17.169999999999998
2024-05-28,14.105,9.569999999999999,17.725
2024-05-29,14.810000000000002,12.805,17.139999999999997
2024-05-30,14.3,11.790000000000001,17.409999999999997
2024-05-31,13.445,10.284999999999998,17.259999999999998
2024-06-01,13.66,10.405000000000001,16.535
2024-06-02,14.825,12.325,17.9
2024-06-03,15.29,10.915,19.83
2024-06-04,16.125,10.225,21.2
2024-06-05,16.505000000000003,11.785,20.955000000000002
2024-06-06,15.895000000000003,10.085,21.52
2024-06-07,16.29,10.525,21.525
2024-06-08,17.2,11.249999999999998,22.92
2024-06-09,16.08,11.81,20.73
2024-06-10,13.975,9.389999999999999,18.07
2024-06-11,12.809999999999999,7.635,17.46
2024-06-12,13.085,7.795,17.795
2024-06-13,14.0,6.995,19.545
2024-06-14,15.959999999999997,12.92,20.509999999999998
2024-06-15,14.549999999999999,11.45,17.735
2024-06-16,15.479999999999999,11.865,19.049999999999997
2024-06-17,17.45,12.805,22.165
2024-06-18,19.555,14.654999999999998,24.61
2024-06-19,18.854999999999997,15.475,22.525000000000002
2024-06-20,18.534999999999997,15.155000000000001,22.775
2024-06-21,18.0,14.96,21.615
2024-06-22,15.854999999999999,13.4,18.98
2024-06-23,16.595,11.365,21.674999999999997
2024-06-24,19.43,13.5,24.705000000000002
2024-06-25,21.715000000000003,15.965,27.485
2024-06-26,22.959999999999997,17.384999999999998,28.344999999999995
2024-06-27,22.585,17.825,27.340000000000003
2024-06-28,20.125,15.180000000000001,24.505000000000003
2024-06-29,19.325000000000003,14.98,24.68
2024-06-30,17.99,14.6,22.195
2024-07-01,17.265,13.009999999999998,20.665
2024-07-02,15.645,12.69,18.939999999999998
2024-07-03,15.539999999999997,12.174999999999999,19.134999999999998
2024-07-04,17.4,14.085,21.195
2024-07-05,17.965,11.595,23.935
2024-07-06,17.51,13.684999999999999,20.185
2024-07-07,15.345,9.985,19.8
2024-07-08,17.995,11.315,24.725
2024-07-09,21.395000000000003,16.854999999999997,26.769999999999996
2024-07-10,20.569999999999997,16.95,24.615000000000002
2024-07-11,20.265,15.999999999999998,25.169999999999998
2024-07-12,18.1,14.19,21.654999999999998
2024-07-13,16.235,11.169999999999998,20.935
2024-07-14,18.025,12.079999999999998,23.49
2024-07-15,19.959999999999997,14.555,26.059999999999995
2024-07-16,19.09,15.535,22.72
2024-07-17,19.0,12.705,24.639999999999997
2024-07-18,22.35,15.514999999999999,29.255
2024-07-19,23.96,17.93,29.804999999999996
2024-07-20,23.23,17.994999999999997,29.23
2024-07-21,20.16,17.335,23.77
2024-07-22,18.64,14.370000000000001,22.044999999999995
2024-07-23,19.65,15.845,23.3
2024-07-24,19.270000000000003,14.469999999999999,23.72
2024-07-25,20.295,14.195,25.655
2024-07-26,21.19,17.174999999999997,25.555
2024-07-27,20.28,16.825,23.3
2024-07-28,20.81,14.285,26.71
2024-07-29,24.43,18.265,31.395000000000003
2024-07-30,26.490000000000002,20.339999999999996,33.285
2024-07-31,25.735,20.924999999999997,32.45
2024-08-01,24.105,19.740000000000002,28.979999999999997
2024-08-02,22.119999999999997,17.945,27.220000000000002
2024-08-03,20.08,15.509999999999998,24.205
2024-08-04,19.965000000000003,16.165,23.86
2024-08-05,20.89,14.525,27.095
2024-08-06,21.949999999999996,16.435,27.089999999999996
2024-08-07,20.305,15.355,24.294999999999998
2024-08-08,20.384999999999998,14.69,25.945
2024-08-09,21.64,16.895,26.564999999999998
2024-08-10,22.71,16.435,28.96
2024-08-11,25.345,18.555,32.504999999999995
2024-08-12,26.354999999999997,21.03,32.54
2024-08-13,23.240000000000002,19.425,27.340000000000003
2024-08-14,20.205,17.08,23.674999999999997
2024-08-15,20.665000000000003,15.744999999999997,25.515
2024-08-16,20.925000000000004,16.595,25.849999999999998
2024-08-17,20.035,17.395000000000003,22.805
2024-08-18,18.265,14.944999999999999,21.929999999999996
2024-08-19,17.805,12.15,23.11
2024-08-20,18.775,13.585,23.735
2024-08-21,17.119999999999997,12.209999999999999,21.395
2024-08-22,17.875,10.944999999999999,24.585
2024-08-23,19.91,15.084999999999999,24.485
2024-08-24,21.495,16.189999999999998,28.05
2024-08-25,16.685000000000002,12.049999999999999,20.79
2024-08-26,17.0,10.94,22.584999999999997
2024-08-27,19.405,12.799999999999999,26.655
2024-08-28,22.13,15.255,29.825000000000003
2024-08-29,21.619999999999997,16.935,26.544999999999998
2024-08-30,20.884999999999998,17.029999999999998,25.155
2024-08-31,22.384999999999998,17.435,28.269999999999996
2024-09-01,22.360000000000003,18.275,27.36
2024-09-02,20.749999999999996,16.8,25.05
2024-09-03,19.325,16.224999999999998,22.799999999999997
2024-09-04,17.68,14.174999999999999,21.449999999999996
2024-09-05,16.740000000000002,14.294999999999998,21.08
2024-09-06,17.1,12.669999999999998,22.345
2024-09-07,18.605,15.02,23.195
2024-09-08,16.43,13.549999999999999,20.009999999999998
2024-09-09,16.56,14.16,20.03
2024-09-10,14.79,11.729999999999999,17.674999999999997
2024-09-11,14.335,10.899999999999999,16.71
2024-09-12,11.36,8.205,15.450000000000001
2024-09-13,10.96,6.949999999999999,15.549999999999999
2024-09-14,11.475,7.114999999999999,16.55
2024-09-15,12.319999999999999,6.984999999999999,18.27
2024-09-16,14.115,9.329999999999998,18.905
2024-09-17,15.61,11.93,19.749999999999996
2024-09-18,17.16,12.805,22.015
2024-09-19,17.875,13.48,23.069999999999997
2024-09-20,16.84,12.749999999999998,22.345
2024-09-21,17.615,12.94,22.854999999999997
2024-09-22,16.979999999999997,14.76,19.724999999999998
2024-09-23,15.175,12.955,18.494999999999997
2024-09-24,14.504999999999999,12.594999999999999,17.59
2024-09-25,14.82,12.309999999999999,17.485
2024-09-26,16.205,13.815000000000001,18.24
2024-09-27,12.874999999999998,10.505,15.919999999999998
2024-09-28,10.844999999999999,7.725,14.32
2024-09-29,10.34,5.945,15.204999999999998
2024-09-30,14.445,11.665000000000001,17.384999999999998
2024-10-01,14.14,11.329999999999998,17.99
2024-10-02,12.659999999999998,9.954999999999998,15.785
2024-10-03,11.794999999999998,9.254999999999999,14.684999999999999
2024-10-04,10.315,6.444999999999999,14.905
2024-10-05,10.715,5.93,16.09
2024-10-06,13.385,9.67,17.924999999999997
2024-10-07,15.6,13.46,18.935000000000002
2024-10-08,15.125,13.01,18.065
2024-10-09,15.065,12.615,18.154999999999998
2024-10-10,13.315,10.795,16.78
2024-10-11,10.854999999999999,7.504999999999999,14.735000000000001
2024-10-12,12.78,8.45,17.13
2024-10-13,13.67,9.24,17.59
2024-10-14,15.19,11.09,20.51
2024-10-15,16.545,13.184999999999999,20.749999999999996
2024-10-16,18.195,15.53,22.54
2024-10-17,16.224999999999998,14.36,18.234999999999996
2024-10-18,13.83,11.11,16.39
2024-10-19,13.375,10.264999999999999,16.71
2024-10-20,14.469999999999999,10.635,18.615000000000002
2024-10-21,16.134999999999998,11.695,20.659999999999997
2024-10-22,12.73,9.075,16.985
2024-10-23,11.375,7.550000000000001,16.57
2024-10-24,12.805,8.03,18.89
2024-10-25,14.695,12.735,17.884999999999998
2024-10-26,13.864999999999998,12.224999999999998,16.439999999999998
2024-10-27,14.185,11.674999999999999,17.705
2024-10-28,13.104999999999999,9.76,18.025
2024-10-29,12.87,9.49,17.174999999999997
2024-10-30,13.530000000000001,10.865,17.185
2024-10-31,12.845,9.9,16.769999999999996
2024-11-01,12.235,10.335,15.375
2024-11-02,11.389999999999999,9.05,14.209999999999999
2024-11-03,10.575000000000001,7.234999999999999,14.65
2024-11-04,10.77,8.069999999999999,14.939999999999998
2024-11-05,12.145,9.355,16.05
2024-11-06,11.809999999999999,9.995000000000001,14.739999999999998
2024-11-07,11.049999999999999,8.879999999999999,13.835
2024-11-08,11.0,8.92,14.194999999999999
2024-11-09,11.350000000000001,8.52,15.214999999999998
2024-11-10,10.94,9.04,13.26
2024-11-11,9.675,7.275,12.525
2024-11-12,7.944999999999999,6.33,10.245
2024-11-13,6.8950000000000005,4.42,9.559999999999999
2024-11-14,7.04,3.905,11.24
2024-11-15,7.67,4.72,11.065
2024-11-16,5.77,2.115,10.729999999999999
2024-11-17,6.09,2.9450000000000003,8.92
2024-11-18,7.989999999999999,5.795,10.21
2024-11-19,9.715000000000002,6.52,12.089999999999998
2024-11-20,5.45,2.795,8.545
2024-11-21,2.73,0.45500000000000007,4.8100000000000005
2024-11-22,1.2400000000000002,-2.42,4.175000000000001
2024-11-23,4.165,-0.36999999999999994,10.055
2024-11-24,12.97,9.135000000000002,16.72
2024-11-25,12.855,8.57,16.695
2024-11-26,8.585,6.489999999999999,11.44
2024-11-27,9.77,6.875,13.425
2024-11-28,7.43,4.12,11.68
2024-11-29,5.69,2.835,10.270000000000001
2024-11-30,4.855,1.875,9.815
2024-12-01,7.469999999999999,3.34,12.485
2024-12-02,9.219999999999999,6.124999999999999,12.0
2024-12-03,5.494999999999999,3.6149999999999998,8.18
2024-12-04,3.795,1.625,6.895
2024-12-05,5.855,2.09,10.485
2024-12-06,8.785,5.855,12.325
2024-12-07,7.745,4.949999999999999,10.765
2024-12-08,5.77,4.03,7.3950000000000005
2024-12-09,5.335,4.22,6.385
2024-12-10,4.4,2.94,5.965
2024-12-11,4.035,2.6000000000000005,5.92
2024-12-12,2.925,1.0,5.74
2024-12-13,2.3949999999999996,0.22500000000000003,5.345
2024-12-14,2.265,-0.6950000000000001,5.0
2024-12-15,4.545,1.245,7.8100000000000005
2024-12-16,6.705,4.864999999999999,9.095
2024-12-17,5.904999999999999,3.76,8.57
2024-12-18,9.114999999999998,5.039999999999999,12.955
2024-12-19,8.299999999999999,3.96,11.964999999999998
2024-12-20,3.855,0.9349999999999999,6.575
2024-12-21,7.1,4.895,9.715
2024-12-22,6.755000000000001,3.6249999999999996,10.31
2024-12-23,5.045,2.5700000000000003,6.92
2024-12-24,5.795,3.3149999999999995,8.305
2024-12-25,7.315,5.485,9.76
2024-12-26,5.27,2.515,8.58
2024-12-27,2.2,-0.29500000000000004,6.56
2024-12-28,1.5,-0.815,5.51
2024-12-29,1.37,-0.2899999999999999,4.29
2024-12-30,0.95,-0.31999999999999995,2.4699999999999998
2024-12-31,1.075,-1.145,3.9849999999999994
2025-01-01,3.8799999999999994,0.7699999999999998,7.55
2025-01-02,4.645,1.9699999999999998,8.365
2025-01-03,1.68,-1.07,4.43
2025-01-04,1.395,-1.3550000000000004,4.7250000000000005
2025-01-05,8.96,4.2,12.135
2025-01-06,9.370000000000001,5.49,12.09
2025-01-07,5.105,2.7849999999999997,7.9399999999999995
2025-01-08,7.085,4.01,11.799999999999999
2025-01-09,7.234999999999999,2.8200000000000003,10.915
2025-01-10,3.8649999999999998,1.6999999999999997,6.295
2025-01-11,2.015,-1.56,4.7700000000000005
2025-01-12,-0.10499999999999993,-2.8749999999999996,3.795
2025-01-13,-0.7250000000000001,-2.96,3.045
2025-01-14,-1.49,-4.5200000000000005,4.475
2025-01-15,1.19,-3.365,6.025
2025-01-16,2.7199999999999998,0.18500000000000003,6.0600000000000005
2025-01-17,0.8700000000000001,-1.6849999999999998,5.845
2025-01-18,-0.04500000000000004,-2.04,2.8199999999999994
2025-01-19,0.135,-2.2700000000000005,3.6550000000000002
2025-01-20,1.08,-1.56,5.305
2025-01-21,3.0500000000000003,-0.9050000000000001,8.77
2025-01-22,6.1000000000000005,3.85,9.535
2025-01-23,6.225,3.24,9.299999999999999
2025-01-24,7.9799999999999995,4.64,11.559999999999999
2025-01-25,9.45,6.029999999999999,12.345
2025-01-26,5.655,1.22,9.67
2025-01-27,9.295,7.615,11.610000000000001
2025-01-28,7.3,5.465,9.915
2025-01-29,6.77,4.35,9.219999999999999
2025-01-30,6.505,3.41,9.595
2025-01-31,3.38,0.5750000000000002,6.27
2025-02-01,2.5599999999999996,-0.285,6.54
2025-02-02,1.69,-1.7799999999999998,7.1899999999999995
2025-02-03,1.435,-1.7000000000000002,7.125
2025-02-04,1.725,-1.705,6.725
2025-02-05,2.9600000000000004,-0.42000000000000004,8.005
2025-02-06,3.195,0.35000000000000003,5.975
2025-02-07,3.545,0.57,7.395
2025-02-08,4.2,1.83,7.385
2025-02-09,3.6099999999999994,0.545,7.475
2025-02-10,5.73,4.175000000000001,8.0
2025-02-11,5.025,3.0250000000000004,8.315000000000001
2025-02-12,6.299999999999999,4.365,9.285
2025-02-13,5.845000000000001,3.9699999999999998,8.4
2025-02-14,3.775,0.92,6.734999999999999
2025-02-15,2.0900000000000003,-2.01,7.680000000000001
2025-02-16,3.46,-0.27499999999999974,9.095
2025-02-17,3.86,-0.014999999999999902,9.334999999999999
2025-02-18,4.29,-0.16499999999999995,10.569999999999999
2025-02-19,6.715,2.4250000000000003,12.375
2025-02-20,9.815,5.57,14.86
2025-02-21,11.290000000000001,8.575,15.055
2025-02-22,10.395,6.88,13.069999999999999
2025-02-23,8.370000000000001,4.175,13.515
2025-02-24,9.645,6.614999999999999,13.465
2025-02-25,8.36,5.87,10.425
2025-02-26,6.27,3.195,10.129999999999999
2025-02-27,6.01,2.775,10.23
2025-02-28,4.824999999999999,1.5,9.065
2025-03-01,4.09,1.045,8.2
2025-03-02,5.135,0.48,11.225
2025-03-03,6.08,0.5200000000000001,12.945
2025-03-04,7.414999999999999,2.125,14.504999999999999
2025-03-05,8.620000000000001,2.5149999999999997,16.685
2025-03-06,9.685,4.695,16.54
2025-03-07,11.07,6.95,16.595
2025-03-08,11.865,7.869999999999999,17.264999999999997
2025-03-09,10.955,7.605000000000001,15.479999999999999
2025-03-10,9.65,6.84,13.014999999999999
2025-03-11,8.24,4.56,13.085
2025-03-12,6.045,3.6849999999999996,9.035
2025-03-13,3.9849999999999994,1.0,7.494999999999999
2025-03-14,3.4400000000000004,-0.39,7.71
2025-03-15,3.9050000000000002,0.67,7.494999999999999
2025-03-16,4.755,1.4700000000000002,8.5
2025-03-17,5.27,0.47499999999999987,10.805
2025-03-18,6.819999999999999,1.28,13.55
2025-03-19,9.809999999999999,4.9750000000000005,15.934999999999999
2025-03-20,11.200000000000001,6.595,16.8
2025-03-21,12.754999999999999,9.115,17.19
2025-03-22,11.779999999999998,9.239999999999998,15.85
2025-03-23,9.425,6.33,13.444999999999999
2025-03-24,9.76,5.525,14.585
2025-03-25,9.76,6.255,14.01
2025-03-26,9.9,6.0600000000000005,13.9
2025-03-27,9.309999999999999,4.84,14.770000000000001
2025-03-28,8.8,4.565,13.865
2025-03-29,8.225,4.93,12.28
2025-03-30,8.775,3.4,14.695
2025-03-31,9.915000000000001,5.765,14.885
2025-04-01,9.24,4.985,14.125
2025-04-02,10.05,5.954999999999999,14.745000000000001
2025-04-03,12.594999999999999,7.829999999999999,18.065
2025-04-04,14.254999999999999,8.865,20.415
2025-04-05,14.9,9.445,21.459999999999997
2025-04-06,12.565,7.845,17.659999999999997
2025-04-07,10.370000000000001,4.8149999999999995,16.665
2025-04-08,10.635,3.905,17.98
2025-04-09,11.215,5.824999999999999,17.22
2025-04-10,11.25,6.084999999999999,17.025
2025-04-11,12.555,6.459999999999999,19.585
2025-04-12,13.155000000000001,8.479999999999999,18.604999999999997
2025-04-13,12.73,10.25,15.565
2025-04-14,12.194999999999999,6.824999999999999,17.875
2025-04-15,12.14,9.875,15.329999999999997
2025-04-16,9.21,6.295000000000001,12.71
2025-04-17,8.255,4.725,11.95
2025-04-18,10.069999999999999,4.8,15.51
2025-04-19,12.2,7.620000000000001,17.245
2025-04-20,10.78,8.225,13.45
2025-04-21,11.285,8.674999999999999,14.905000000000001
2025-04-22,11.705,7.705,16.099999999999998
2025-04-23,10.594999999999999,8.215,13.62
2025-04-24,11.045,7.83,14.69
2025-04-25,11.620000000000001,7.3149999999999995,16.259999999999998
2025-04-26,11.969999999999999,7.825,16.799999999999997
2025-04-27,13.485,8.975,18.700000000000003
2025-04-28,14.85,8.979999999999999,21.06
2025-04-29,16.4,10.635,22.675000000000004
2025-04-30,17.73,11.605,24.235
2025-05-01,18.444999999999997,11.974999999999998,24.630000000000003
2025-05-02,18.67,12.375,24.805
2025-05-03,17.849999999999998,13.889999999999999,23.355
2025-05-04,13.299999999999999,10.335,16.97
2025-05-05,10.34,7.025,13.25
2025-05-06,10.72,7.215,14.599999999999998
2025-05-07,11.035,7.21,14.67
2025-05-08,11.534999999999998,7.129999999999999,16.455
2025-05-09,12.825,7.445,18.299999999999997
2025-05-10,15.03,9.28,20.845
2025-05-11,15.11,10.815,20.160000000000004
2025-05-12,13.704999999999998,10.02,17.42
2025-05-13,14.649999999999999,8.415,20.125
2025-05-14,16.125,9.815000000000001,22.145
2025-05-15,14.81,9.5,19.65
2025-05-16,14.284999999999998,8.735,19.499999999999996
2025-05-17,13.67,7.785,18.72
2025-05-18,14.86,7.9399999999999995,21.069999999999997
2025-05-19,15.780000000000001,9.89,21.924999999999997
2025-05-20,17.03,11.805,22.565
2025-05-21,14.139999999999999,11.084999999999999,18.1
2025-05-22,13.245,9.43,17.725
2025-05-23,12.975000000000001,8.295,17.544999999999998
2025-05-24,13.83,7.28,19.465
2025-05-25,15.695,11.879999999999999,19.845
2025-05-26,14.41,10.075,18.490000000000002
2025-05-27,15.510000000000002,10.81,19.595
2025-05-28,16.545,12.969999999999999,20.894999999999996
2025-05-29,17.349999999999998,11.065,23.11
2025-05-30,21.57,13.844999999999999,28.87
2025-05-31,22.220000000000002,16.56,28.335
2025-06-01,18.92,14.925,23.17
2025-06-02,17.255,13.305,21.245
2025-06-03,17.895000000000003,12.01,23.22
2025-06-04,16.5,14.035,19.76
2025-06-05,15.979999999999999,12.89,19.57
2025-06-06,16.975,14.085,20.945
2025-06-07,16.284999999999997,13.889999999999999,19.825000000000003
2025-06-08,15.549999999999999,12.145,19.08
2025-06-09,16.175,9.1,22.28
2025-06-10,18.775,11.455,25.655
2025-06-11,21.15,13.870000000000001,28.185000000000002
2025-06-12,22.945,17.005000000000003,28.849999999999998
2025-06-13,23.91,17.509999999999998,31.400000000000002
2025-06-14,22.165,18.319999999999997,26.300000000000004
2025-06-15,18.58,14.599999999999998,22.405
2025-06-16,17.919999999999998,11.325000000000001,23.385
2025-06-17,20.57,14.095,26.705
2025-06-18,21.97,14.689999999999998,28.38
2025-06-19,23.674999999999997,16.41,30.115000000000002
2025-06-20,24.28,17.740000000000002,30.28
2025-06-21,25.599999999999998,17.955,32.435
2025-06-22,24.395,18.985,29.67
2025-06-23,21.09,17.13,25.485
2025-06-24,21.720000000000002,13.764999999999999,28.91
2025-06-25,24.479999999999997,17.335,32.205
2025-06-26,21.57,17.755,25.435
2025-06-27,22.234999999999996,17.755,26.709999999999997
2025-06-28,24.235,17.455,30.215
2025-06-29,25.509999999999998,18.875,31.69
2025-06-30,27.330000000000002,20.3,34.059999999999995
2025-07-01,28.235,20.58,35.44
2025-07-02,25.21,19.57,31.424999999999997
2025-07-03,21.845000000000002,17.12,26.825
2025-07-04,21.81,15.3,27.659999999999997
2025-07-05,21.27,14.600000000000001,26.949999999999996
2025-07-06,18.264999999999997,15.665,21.405
2025-07-07,16.88,14.325,19.835
2025-07-08,16.284999999999997,11.815,20.91
2025-07-09,17.905,10.575,24.48
2025-07-10,20.95,13.495000000000001,27.58
2025-07-11,23.07,16.115000000000002,29.235
2025-07-12,23.365000000000002,16.764999999999997,29.135
2025-07-13,23.55,16.955000000000002,29.65
2025-07-14,22.04,17.845,26.295
2025-07-15,20.295,15.1,24.65
2025-07-16,19.88,16.04,23.525
2025-07-17,22.28,16.61,27.945
2025-07-18,23.855,18.33,30.55
2025-07-19,21.42,18.355,25.345
2025-07-20,20.155,17.37,24.185
2025-07-21,18.64,15.729999999999999,22.619999999999997
2025-07-22,18.565,15.389999999999999,22.205
2025-07-23,17.869999999999997,14.18,22.765
2025-07-24,17.845,14.125,22.285
2025-07-25,19.034999999999997,14.25,23.895000000000003
2025-07-26,19.86,14.879999999999999,24.740000000000002
2025-07-27,18.54,15.36,22.08
2025-07-28,17.925,13.93,21.69
2025-07-29,18.205,12.774999999999999,23.09
2025-07-30,19.085,14.869999999999997,23.485
2025-07-31,19.705,14.344999999999999,24.655
2025-08-01,19.339999999999996,15.47,23.544999999999998
2025-08-02,17.435,13.375,21.68
2025-08-03,17.825000000000003,11.18,23.64
2025-08-04,21.334999999999997,15.225,28.334999999999997
2025-08-05,20.474999999999998,15.365,24.93
2025-08-06,18.49,12.52,24.435000000000002
2025-08-07,21.134999999999998,13.05,28.839999999999996
2025-08-08,22.825000000000003,15.725000000000001,29.7
2025-08-09,23.484999999999996,16.764999999999997,30.130000000000003
2025-08-10,23.165,15.595,30.04
2025-08-11,25.365000000000002,17.575,33.365
2025-08-12,26.534999999999997,18.675,34.485
2025-08-13,26.64,19.89,33.464999999999996
2025-08-14,25.430000000000003,19.465,31.369999999999997
2025-08-15,25.855,18.84,32.7
2025-08-16,25.509999999999998,19.73,31.03
2025-08-17,23.064999999999998,17.115,28.765
2025-08-18,22.6,16.8,28.685
2025-08-19,21.744999999999997,17.82,26.249999999999996
2025-08-20,18.78,16.545,21.735
2025-08-21,18.39,15.194999999999999,22.404999999999998
2025-08-22,17.33,12.934999999999999,21.6
2025-08-23,17.2,11.304999999999998,23.07
2025-08-24,18.935,12.665000000000001,25.235
2025-08-25,20.175,13.24,27.369999999999997
2025-08-26,21.744999999999997,15.734999999999998,28.734999999999996
2025-08-27,20.27,16.29,24.38
2025-08-28,18.74,15.950000000000001,22.575
2025-08-29,16.37,13.615,20.189999999999998
2025-08-30,16.904999999999998,12.765000000000002,21.415
2025-08-31,18.53,15.365000000000002,22.695
2025-09-01,16.154999999999998,13.64,20.255
2025-09-02,15.785,12.419999999999998,20.475
2025-09-03,18.75,15.190000000000001,23.895
2025-09-04,16.939999999999998,14.34,20.15
2025-09-05,15.745,12.225,20.39
2025-09-06,17.665000000000003,11.675,24.765
2025-09-07,20.555,15.385,26.919999999999998
2025-09-08,18.88,15.854999999999999,22.709999999999997
2025-09-09,16.490000000000002,12.03,21.145
2025-09-10,15.889999999999999,11.919999999999998,20.235
2025-09-11,15.829999999999998,12.764999999999999,19.36
2025-09-12,14.954999999999998,11.315,19.37
2025-09-13,15.19,12.61,19.055
2025-09-14,16.63,13.39,21.19
2025-09-15,17.82,14.315000000000001,20.6
2025-09-16,14.984999999999998,11.634999999999998,18.644999999999996
2025-09-17,15.985,10.939999999999998,22.055
2025-09-18,17.715,11.594999999999999,24.814999999999998
2025-09-19,20.220000000000002,13.315000000000001,28.709999999999997
2025-09-20,20.665,16.615,26.060000000000002
2025-09-21,15.224999999999998,12.42,19.02
2025-09-22,12.514999999999999,10.319999999999999,15.385000000000002
2025-09-23,11.129999999999999,8.995,13.865
2025-09-24,11.035,9.36,13.305
2025-09-25,11.365,8.735,14.57
2025-09-26,11.384999999999998,9.0,13.849999999999998
2025-09-27,11.684999999999999,7.454999999999998,16.6
2025-09-28,13.07,8.649999999999999,18.495
2025-09-29,13.885,9.584999999999999,19.065
2025-09-30,13.355,9.2,18.175
2025-10-01,12.965,8.355,18.294999999999998
2025-10-02,12.254999999999999,7.505,17.91
2025-10-03,13.12,9.345,17.35
2025-10-04,14.35,10.409999999999998,17.62
2025-10-05,11.545,8.764999999999999,15.494999999999997
2025-10-06,11.395,7.2,15.53
2025-10-07,13.559999999999999,9.175,18.729999999999997
2025-10-08,13.629999999999999,9.235,18.73
2025-10-09,13.969999999999999,10.64,17.764999999999997
2025-10-10,13.015,9.569999999999999,17.455
2025-10-11,13.799999999999999,9.975,19.16
2025-10-12,13.47,9.455,19.31
2025-10-13,13.059999999999999,8.88,18.36
2025-10-14,13.235,10.185,17.994999999999997
2025-10-15,12.459999999999997,9.014999999999999,16.53
2025-10-16,12.135,9.1,16.139999999999997
2025-10-17,11.415000000000001,7.46,16.82
2025-10-18,11.195,7.045000000000001,16.93
2025-10-19,12.69,9.040000000000001,16.415
2025-10-20,14.22,12.629999999999999,16.43
2025-10-21,13.389999999999999,11.79,15.79
2025-10-22,14.235000000000001,12.73,16.515
2025-10-23,12.209999999999999,8.575000000000001,15.604999999999999
2025-10-24,8.97,6.385,12.260000000000002
2025-10-25,10.405,8.26,13.569999999999997
2025-10-26,8.56,5.800000000000001,11.379999999999999
2025-10-27,10.614999999999998,8.275,13.495
2025-10-28,11.685,9.205,14.6
2025-10-29,11.61,8.84,14.39
2025-10-30,11.065,7.92,14.420000000000002
2025-10-31,12.315,8.775,16.71
2025-11-01,13.67,11.465,15.56
2025-11-02,11.0,8.635,13.32
2025-11-03,10.665000000000001,7.6899999999999995,14.665
2025-11-04,11.61,7.65,16.564999999999998
2025-11-05,13.215,9.955,17.455000000000002
2025-11-06,12.975,11.105,16.025
2025-11-07,11.71,9.17,15.18
2025-11-08,10.86,7.175,14.65
2025-11-09,8.975000000000001,6.785,11.94
2025-11-10,8.825,5.865,12.884999999999998
2025-11-11,10.66,7.71,15.715000000000002
2025-11-12,12.35,8.415,17.305
2025-11-13,14.750000000000002,12.135,18.529999999999998
2025-11-14,15.64,12.239999999999998,18.61
2025-11-15,12.26,9.835,14.98
2025-11-16,10.65,8.11,13.379999999999999
2025-11-17,7.565,3.465,10.325
2025-11-18,2.8049999999999997,-0.91,6.225
2025-11-19,3.81,0.8249999999999997,6.425
2025-11-20,2.01,-1.13,4.75
2025-11-21,0.99,-1.95,4.3999999999999995
2025-11-22,-0.37500000000000006,-3.3299999999999996,3.475
2025-11-23,2.93,-0.485,6.829999999999999
2025-11-24,6.885,4.96,9.09
2025-11-25,5.47,3.585,7.6899999999999995
2025-11-26,3.81,1.7249999999999999,7.09
2025-11-27,3.8449999999999998,0.4249999999999998,7.1049999999999995
2025-11-28,7.1049999999999995,4.0,9.78
2025-11-29,8.695,6.574999999999999,11.669999999999998
2025-11-30,6.239999999999999,2.335,9.6
2025-12-01,3.5300000000000002,0.30499999999999994,7.07
2025-12-02,6.665,4.075,8.7
2025-12-03,6.24,5.245,8.2
2025-12-04,5.779999999999999,3.2449999999999997,8.445
2025-12-05,4.53,1.605,7.8100000000000005
2025-12-06,8.64,6.029999999999999,11.47
2025-12-07,10.97,8.33,13.825
2025-12-08,11.85,9.485,14.66
2025-12-09,10.795,8.185,14.42
2025-12-10,10.594999999999999,8.11,12.434999999999999
2025-12-11,8.55,6.715,10.99
2025-12-12,9.155,7.085,12.13
2025-12-13,7.4,4.995,10.274999999999999
2025-12-14,6.645,4.015,9.375
2025-12-15,7.824999999999999,4.515000000000001,12.17
2025-12-16,9.245,6.69,12.594999999999999
2025-12-17,7.03,4.14,9.954999999999998
2025-12-18,9.86,6.549999999999999,13.459999999999999
2025-12-19,9.975000000000001,7.0649999999999995,11.695
2025-12-20,8.495000000000001,6.3149999999999995,11.200000000000001
2025-12-21,9.379999999999999,7.0600000000000005,12.045
2025-12-22,6.63,4.47,8.799999999999999
2025-12-23,5.5600000000000005,2.955,7.995
2025-12-24,3.2399999999999998,0.53,5.029999999999999
2025-12-25,0.6600000000000001,-1.1400000000000001,3.365
2025-12-26,1.3250000000000002,-1.39,5.294999999999999
2025-12-27,2.14,-0.23499999999999988,6.505
2025-12-28,2.06,-0.41000000000000003,5.98
2025-12-29,0.37500000000000006,-2.44,4.984999999999999
2025-12-30,1.3399999999999999,-1.3499999999999999,4.5649999999999995
2025-12-31,-0.5750000000000001,-3.405,3.8850000000000002
2026-01-01,-0.9000000000000001,-3.3999999999999995,2.695
2026-01-02,0.6849999999999998,-2.3400000000000003,4.155
2026-01-03,-0.915,-2.7100000000000004,2.83
2026-01-04,-1.8,-4.949999999999999,1.815
2026-01-05,-2.79,-5.48,0.52
2026-01-06,-2.2699999999999996,-4.965,1.295
2026-01-07,-1.025,-4.0649999999999995,2.355
2026-01-08,4.93,0.8799999999999999,8.344999999999999
2026-01-09,5.195,2.5349999999999997,8.17
2026-01-10,2.275,-0.475,5.569999999999999
2026-01-11,1.0,-2.71,4.89
2026-01-12,6.489999999999999,2.34,9.745000000000001
2026-01-13,8.535,5.56,11.84
2026-01-14,8.74,6.6899999999999995,11.865
2026-01-15,9.01,6.734999999999999,11.950000000000001
2026-01-16,8.445,6.67,10.82
2026-01-17,7.88,5.484999999999999,10.57
2026-01-18,7.255000000000001,4.985,10.389999999999999
2026-01-19,6.285,4.34,9.605
2026-01-20,5.62,3.954999999999999,8.265
2026-01-21,6.975,4.49,10.315000000000001
2026-01-22,7.045,4.7749999999999995,9.73
2026-01-23,5.6899999999999995,3.9749999999999996,8.515
2026-01-24,4.5249999999999995,1.78,8.129999999999999
2026-01-25,4.555,1.8749999999999998,7.745
2026-01-26,4.52,2.0949999999999998,7.785
2026-01-27,5.8549999999999995,2.9949999999999997,8.78
2026-01-28,4.675,2.295,7.725
2026-01-29,4.295,1.645,7.16
2026-01-30,6.4350000000000005,4.089999999999999,10.469999999999999
2026-01-31,6.254999999999999,4.32,9.254999999999999
2026-02-01,6.489999999999999,3.6149999999999998,9.605
2026-02-02,6.904999999999999,3.8299999999999996,10.5
2026-02-03,7.61,5.325,10.31
2026-02-04,6.3149999999999995,3.4349999999999996,10.535
2026-02-05,7.86,5.444999999999999,11.24
2026-02-06,8.665,6.635,11.775
2026-02-07,7.795,4.845,11.85
2026-02-08,6.945,4.0649999999999995,11.104999999999999
2026-02-09,6.209999999999999,2.865,10.295
2026-02-10,9.235000000000001,6.835,11.694999999999999
2026-02-11,10.454999999999998,9.094999999999999,12.855
2026-02-12,9.084999999999999,7.25,10.785
2026-02-13,7.194999999999999,5.76,9.125
2026-02-14,5.275,2.4499999999999997,7.58
2026-02-15,3.6899999999999995,0.195,8.825000000000001
2026-02-16,7.699999999999998,5.72,10.075
2026-02-17,5.994999999999999,2.95,8.604999999999999
2026-02-18,6.77,3.515,10.774999999999999
2026-02-19,7.504999999999999,5.345,10.385
2026-02-20,7.84,5.595,10.455
2026-02-21,10.12,7.49,13.68
2026-02-22,10.165,8.055,13.034999999999998
2026-02-23,10.705,8.595,14.29
2026-02-24,11.884999999999998,8.995,16.604999999999997
2026-02-25,11.974999999999998,6.91,18.78
2026-02-26,10.995,6.664999999999999,16.53
2026-02-27,11.010000000000002,7.909999999999999,15.84
2026-02-28,9.524999999999999,6.4,12.66
2026-03-01,7.905,3.845,12.865
2026-03-02,9.889999999999999,5.62,15.950000000000001
2026-03-03,10.819999999999999,5.5649999999999995,17.36
2026-03-04,10.924999999999999,5.92,17.235
2026-03-05,11.51,6.5,17.485
2026-03-06,11.875,8.315,16.785
2026-03-07,11.854999999999999,8.475,16.72
2026-03-08,11.16,6.3549999999999995,16.88
2026-03-09,10.595000000000002,6.745,15.365
2026-03-10,9.745,6.239999999999999,13.870000000000001
2026-03-11,9.469999999999999,6.6899999999999995,12.145
2026-03-12,7.81,3.2,12.804999999999998
2026-03-13,8.899999999999999,4.89,12.844999999999999
2026-03-14,5.71,3.05,9.040000000000001
2026-03-15,5.18,0.4600000000000001,10.469999999999999
2026-03-16,8.01,4.57,11.71
2026-03-17,9.780000000000001,4.295,16.24
2026-03-18,10.55,6.43,16.009999999999998
2026-03-19,10.365,5.864999999999999,15.920000000000002
2026-03-20,9.71,3.98,16.16
2026-03-21,9.659999999999998,4.300000000000001,15.785
2026-03-22,8.440000000000001,4.26,13.020000000000001
2026-03-23,8.559999999999999,2.5749999999999997,14.72
2026-03-24,9.649999999999999,3.5099999999999993,15.745
2026-03-25,7.85,4.17,11.415
2026-03-26,5.0649999999999995,2.325,8.719999999999999
2026-03-27,4.82,-0.24,9.725
2026-03-28,6.2,2.9899999999999998,9.61
2026-03-29,6.009999999999999,1.645,10.44
2026-03-30,8.129999999999999,5.569999999999999,11.585
2026-03-31,7.6000000000000005,3.4699999999999998,11.35
2026-04-01,8.69,5.54,12.329999999999998
2026-04-02,8.415000000000001,4.130000000000001,12.884999999999998
2026-04-03,8.515,3.4699999999999998,13.129999999999999
2026-04-04,12.795,9.19,17.43
2026-04-05,12.589999999999998,8.104999999999999,16.415
2026-04-06,12.41,5.415,19.919999999999998
2026-04-07,15.085,8.9,22.285
2026-04-08,16.06,8.969999999999999,24.045
2026-04-09,15.999999999999998,9.089999999999998,23.939999999999998
2026-04-10,13.029999999999998,8.36,17.82
2026-04-11,12.42,7.694999999999999,17.22
2026-04-12,8.525,4.9399999999999995,11.905
2026-04-13,8.0,4.9350000000000005,11.379999999999999
2026-04-14,9.544999999999998,3.41,15.280000000000001
2026-04-15,12.06,6.719999999999999,17.669999999999998
2026-04-16,13.189999999999998,8.42,18.264999999999997
2026-04-17,14.669999999999998,8.765,20.714999999999996
2026-04-18,14.674999999999997,9.055000000000001,20.05
2026-04-19,13.32,8.684999999999999,18.044999999999998
2026-04-20,12.32,7.095,17.195
2026-04-21,11.899999999999999,6.185,17.175
2026-04-22,13.030000000000001,8.33,18.335
2026-04-23,14.705000000000002,8.9,20.76
2026-04-24,15.12,8.15,21.944999999999997
2026-04-25,14.95,7.9399999999999995,21.509999999999998
2026-04-26,15.375,8.895,21.744999999999997
2026-04-27,15.445000000000002,8.78,21.68
2026-04-28,14.854999999999997,9.79,20.120000000000005
2026-04-29,16.455,11.375,22.395
2026-04-30,16.23,11.485,21.145
2026-05-01,16.375,10.455,22.339999999999996
2026-05-02,16.555,11.709999999999999,22.36
2026-05-03,15.149999999999999,12.165,18.43
2026-05-04,13.295,10.944999999999999,16.325
2026-05-05,12.475000000000001,10.47,15.004999999999999
2026-05-06,11.35,9.125,14.114999999999998
2026-05-07,11.819999999999999,7.345,16.31
2026-05-08,13.94,8.084999999999999,19.435
2026-05-09,15.929999999999998,9.96,21.755
2026-05-10,14.669999999999998,12.18,18.335
2026-05-11,11.95,8.82,15.18
2026-05-12,10.485000000000001,6.35,14.04
2026-05-13,11.12,8.395,14.634999999999998
2026-05-14,9.184999999999999,6.965,12.16
2026-05-15,8.51,4.395,12.58
2026-05-16,9.48,4.9350000000000005,13.745
2026-05-17,11.725,8.15,15.535
2026-05-18,11.555,8.105,15.314999999999998
2026-05-19,13.575,9.605,18.16
2026-05-20,15.274999999999999,11.530000000000001,19.22
2026-05-21,17.479999999999997,10.69,23.775
2026-05-22,20.27,12.66,27.205000000000002
2026-05-23,22.005,14.455000000000002,28.735000000000003
2026-05-24,23.515,16.89,29.525
2026-05-25,24.485,18.25,30.665
2026-05-26,24.61,17.744999999999997,31.12
2026-05-27,24.545,17.6,30.584999999999997
2026-05-28,24.035,17.91,30.18
2026-05-29,24.29,18.08,30.25
2026-05-30,23.375,17.435000000000002,29.055
2026-05-31,19.84,16.175,23.625
2026-06-01,18.965,13.419999999999998,23.915000000000003
2026-06-02,17.064999999999998,13.989999999999998,20.735
2026-06-03,15.899999999999999,12.57,19.674999999999997
2026-06-04,15.044999999999998,12.07,17.634999999999998
2026-06-05,13.975000000000001,9.955,17.905
2026-06-06,15.93,11.379999999999999,20.314999999999998
2026-06-07,16.085,10.39,21.195
2026-06-08,17.16,13.215,21.675
2026-06-09,14.69,11.034999999999998,18.79
2026-06-10,13.93,10.260000000000002,17.84
2026-06-11,14.41,9.09,19.12
2026-06-12,18.294999999999998,13.689999999999998,23.415
2026-06-13,21.36,15.325,27.644999999999996
2026-06-14,20.869999999999997,14.099999999999998,26.84
2026-06-15,21.55,14.655,28.055
2026-06-16,22.229999999999997,16.63,27.47
2026-06-17,23.39,15.629999999999997,29.924999999999997
2026-06-18,25.509999999999998,18.759999999999998,32.31999999999999
2026-06-19,25.45,19.625,32.53
2026-06-20,25.5,18.725,32.86000000000001
2026-06-21,27.62,19.875,35.015
2026-06-22,30.0,22.875,36.84
2026-06-23,30.244999999999997,23.28,36.625
2026-06-24,30.29,23.549999999999997,37.28
2026-06-25,30.624999999999996,23.854999999999997,37.18
2026-06-26,28.759999999999998,22.724999999999998,35.214999999999996
2026-06-27,27.95,21.705000000000002,34.955
2026-06-28,25.165000000000003,20.185,29.895000000000003
2026-06-29,22.485,17.755000000000003,27.255
2026-06-30,22.965000000000003,17.099999999999998,28.944999999999997
2026-07-01,20.975,16.025,25.125
2026-07-02,20.585,14.985,25.53
2026-07-03,21.84,16.0,27.490000000000002
2026-07-04,22.73,14.754999999999999,29.505000000000003
2026-07-05,23.795,16.695,30.25
2026-07-06,25.56,17.25,32.934999999999995
2026-07-07,27.21,19.544999999999998,34.285
2026-07-08,26.189999999999998,17.935,33.33
2026-07-09,27.49,20.935000000000002,33.145
2026-07-10,28.060000000000002,20.97,34.855
2026-07-11,28.095,21.505,34.5
2026-07-12,28.474999999999998,21.310000000000002,34.92
2026-07-13,27.745,22.73,33.49
2026-07-14,27.6,21.1,33.51
2026-07-15,25.995,21.745,32.05
2026-07-16,24.455,19.585,30.905
2026-07-17,22.32,18.134999999999998,27.839999999999996
2026-07-18,22.975,17.015,28.809999999999995
2026-07-19,21.674999999999997,16.205,26.525000000000002
2026-07-20,20.83,14.9,26.035
2026-07-21,21.035000000000004,14.965,26.880000000000003
2026-07-22,21.599999999999998,15.135,27.569999999999997
2026-07-23,21.855,15.895,27.384999999999994
2026-07-24,23.2,15.85,29.915
2026-07-25,22.669999999999998,16.835,28.604999999999997
2026-07-26,20.244999999999997,16.07,24.875
2026-07-27,21.055,15.819999999999999,26.185
2026-07-28,23.965000000000003,15.634999999999998,31.715
2026-07-29,28.045,19.945,35.69
2026-07-30,25.075,20.049999999999997,30.610000000000003
2026-07-31,23.285,18.46,28.195
2026-08-01,22.755,16.745,28.514999999999997
2026-08-02,25.525,17.77,32.730000000000004
2026-08-03,26.549999999999997,21.005000000000003,33.434999999999995
2026-08-04,24.53,19.915,28.965
2026-08-05,23.490000000000002,19.135,27.474999999999998
2026-08-06,21.365000000000002,16.169999999999998,26.369999999999997
2026-08-07,21.314999999999998,14.524999999999999,27.52
2026-08-08,23.999999999999996,16.215,31.334999999999997
2026-08-09,25.855,20.0,31.909999999999997
2026-08-10,25.055000000000003,18.909999999999997,31.38
2026-08-11,25.979999999999997,19.330000000000002,32.355
2026-08-12,28.04,20.389999999999997,35.195
2026-08-13,29.255000000000003,21.469999999999995,36.305
